arabic_name,english_name,url
الحساسية,Allergie,https://www.webteb.com/dermatology/diseases/الحساسية
القلق,Anxiety,https://www.webteb.com/mental-health/diseases/القلق
ارتفاع الكولسترول,High Blood Cholesterol,https://www.webteb.com/heart/diseases/الكولسترول
الصرع,Epilepsy,https://www.webteb.com/neurology/diseases/الصرع
الربو,Asthma,https://www.webteb.com/respiratory/diseases/الربو
الصدفية,Psoriasis,https://www.webteb.com/dermatology/diseases/الصدفية
الدوالي,Varicose Veins,https://www.webteb.com/general-health/diseases/الدوالي
انقطاع الدورة الشهرية,Menopause,https://www.webteb.com/woman-health/diseases/انقطاع-الدورة-الشهرية
الشقيقة,Migraine,https://www.webteb.com/neurology/diseases/الشقيقة
النوبة القلبية,Heart Attack,https://www.webteb.com/heart/diseases/النوبة-القلبية
ارتفاع ضغط الدم,High Blood Pressure,https://www.webteb.com/heart/diseases/ارتفاع-ضغط-الدم
الارق,Insomnia,https://www.webteb.com/living-healthy/diseases/الارق
التصلب العصيدي,Atherosclerosis,https://www.webteb.com/neurology/diseases/التصلب-العصيدي
الهوس الاكتئابي,Bipolar Disorder,https://www.webteb.com/mental-health/diseases/الهوس-الاكتئابي-الاضطراب-ذو-الاتجاهين
الالم العضلي الليفي,Fibromialgia,https://www.webteb.com/orthopedics-and-rheumatology/diseases/الالم-العضلي-الليفي
ارتفاع ضغط الدم للحامل,Preeclampsia,https://www.webteb.com/pregnancy-childbirth/diseases/ارتفاع-ضغط-الدم-للحامل
السكتة الدماغية,Stroke,https://www.webteb.com/neurology/diseases/السكتة-الدماغية
الإنفلونزا,Influenza,https://www.webteb.com/general-health/diseases/النزلة-الوافدة-الانفلونزا
القولون العصبي,Irritable bowel syndrome,https://www.webteb.com/gastrointestinal-tract/diseases/القولون-العصبي
البواسير,Hemorrhoids,https://www.webteb.com/anal/diseases/البواسير
النقرس,Gout,https://www.webteb.com/orthopedics-and-rheumatology/diseases/النقرس
الذبحة الصدرية,Angina,https://www.webteb.com/heart/diseases/الذبحة-الصدرية
الذئبة,Systemic Lupus Erythematosus,https://www.webteb.com/orthopedics-and-rheumatology/diseases/الذئبة
الفتق السري,Umbilical Hernia,https://www.webteb.com/surgery/diseases/الفتق-السري
التهاب المسالك البولية,Urinary tract infection,https://www.webteb.com/kidney-urology/diseases/التهاب-المسالك-البولية
الوسواس القهري,Obsessive compulsive disorder,https://www.webteb.com/mental-health/diseases/الوسواس-القهري
التهاب الجيوب المزمن,Chronic Sinusitis,https://www.webteb.com/general-health/diseases/التهاب-الجيوب-المزمن
التهاب الكبد ب,Hepatitis B,https://www.webteb.com/gastrointestinal-tract/diseases/التهاب-الكبد-ب
الورم الميلانيني,Melanoma,https://www.webteb.com/cancer/diseases/الورم-الميلانيني
الخصية المعلقة,Undescended Testicle,https://www.webteb.com/kidney-urology/diseases/اختفاء-الخصية
الداء الزلاقي,Celiac Disease,https://www.webteb.com/gastrointestinal-tract/diseases/الداء-الزلاقي
السعال المزمن,Chronic Cough,https://www.webteb.com/respiratory/diseases/السعال-المزمن
الإسهال,Diarrhea,https://www.webteb.com/gastrointestinal-tract/diseases/الاسهال
الإكزيما,Eczema,https://www.webteb.com/dermatology/diseases/اكزيمه
الزرق,Glaucoma,https://www.webteb.com/eye-health/diseases/الزرق
التهاب البلعوم الحاد,Acute Pharyngitis,https://www.webteb.com/general-health/diseases/التهاب-البلعوم-الحاد
التهاب الاذن,Ear Infection,https://www.webteb.com/surgery/diseases/التهاب-الاذن
القرحة الهضمية,Peptic Ulcer Disease,https://www.webteb.com/gastrointestinal-tract/diseases/القرحة-الهضمية
التهاب اللثة,"Gingivitis and Periodontal Disease, Gum Disease",https://www.webteb.com/dental-health/diseases/التهاب-اللثة
التهاب الكبد الشبيه بالذئبة,SLE related hepatitis,https://www.webteb.com/gastrointestinal-tract/diseases/التهاب-الكبد-الشبيه-بالذئبة
التهاب المعدة,Gastritis,https://www.webteb.com/gastrointestinal-tract/diseases/التهاب-المعدة
الشق الشرجي,Anal Fissure,https://www.webteb.com/surgery/diseases/الشق-الشرجي
التليف الكيسي-Cystic Fibrosis,CF,https://www.webteb.com/respiratory/diseases/التليف-الكيسي
النكاف,Mumps,https://www.webteb.com/child-health/diseases/النكاف
السـلاق,Thrush,https://www.webteb.com/general-health/diseases/السلاق
التهاب الامعاء الغليظة التقرحي,Ulcerative Colitis,https://www.webteb.com/gastrointestinal-tract/diseases/التهاب-الامعاء-الغليظة-التقرحي
الفصام,Schizophrenia,https://www.webteb.com/mental-health/diseases/الفصام
الانصمام الرئوي,Pulmonary embolism,https://www.webteb.com/respiratory/diseases/الانصمام-الرئوي
الزكام,Common cold,https://www.webteb.com/child-health/diseases/الزكام
التجفاف,Dehydration,https://www.webteb.com/general-health/diseases/التجفاف
الغازات وانتفاخ البطن,Intestinal gas and bloating,https://www.webteb.com/gastrointestinal-tract/diseases/الغازات
الحصبة الالمانية,Rubella,https://www.webteb.com/pregnancy-childbirth/diseases/الحصبة-الالمانية
التهاب الجلد التاتبي,Atopic Dermatitis,https://www.webteb.com/dermatology/diseases/التهاب-الجلد-التاتبي
التهاب البنكرياس,Pancreatitis,https://www.webteb.com/diabetes/diseases/التهاب-البنكرياس
الجرب,Scabies,https://www.webteb.com/dermatology/diseases/الجرب
الالتهاب الرئوي,Pneumonia,https://www.webteb.com/respiratory/diseases/الالتهاب-الرئوي
القمل,Lice,https://www.webteb.com/dermatology/diseases/القمل
الوردية,Roseola,https://www.webteb.com/child-health/diseases/الوردية
الفصال العظمي,Osteoarthritis,https://www.webteb.com/orthopedics-and-rheumatology/diseases/الفصال-العظمي
الفطريات المهبلية,Vaginal Yeast Infection,https://www.webteb.com/woman-health/diseases/الفطريات-المهبلية
التهاب البروستاتا اللاجرثومي المزمن,Chronic nonbacterial prostatitis,https://www.webteb.com/kidney-urology/diseases/التهاب-البروستاتة-اللاجرثومي-المزمن
الكبد الدهني,Fatty Liver,https://www.webteb.com/gastrointestinal-tract/diseases/الكبد-الدهني
اعتلال الجذور الرقبية,Cervical radiculopathy,https://www.webteb.com/orthopedics-and-rheumatology/diseases/اعتلال-الجذور-الرقبية
اضطراب الاكل القهري,Binge Eating Disorder,https://www.webteb.com/mental-health/diseases/اضطراب-الاكل-القهري
النهام العصابي,Bulimia Nervosa,https://www.webteb.com/mental-health/diseases/النهام-العصابي
الكـحولية,Alcoholism,https://www.webteb.com/mental-health/diseases/الكحولية
الغثيان والقيء,Nausea and Vomiting,https://www.webteb.com/general-health/diseases/الغثيان-والقيء
الداء الخامس,Fifth Disease,https://www.webteb.com/child-health/diseases/الداء-الخامس
التخدير,Anesthesia,https://www.webteb.com/general-health/diseases/التخدير
البيلة الجرثومية عديمة الاعراض,Asymptomatic Bacteriuria,https://www.webteb.com/general-health/diseases/البيلة-الجرثومية-عديمة-الاعراض
التليف النقوي المجهول السبب,Idiopathic Myelofibrosis,https://www.webteb.com/hematology/diseases/التليف-النقوي-المجهول-السبب
الجذ القثطاري,Catheter Ablation,https://www.webteb.com/heart/diseases/الجذ-القثطاري
المتلازمة السابقة للحيض,Premenstrual Syndrome,https://www.webteb.com/woman-health/diseases/المتلازمة-السابقة-للحيض
السعفة الاربية,Tinea Cruris,https://www.webteb.com/dermatology/diseases/سعفة-الارفاغ
اعتلال كلية السكري,Diabetic nephropathy,https://www.webteb.com/eye-health/diseases/اعتلال-الكلية-السكري
الداء النشواني,Amyloidosis,https://www.webteb.com/general-health/diseases/الداء-النشواني
الكاتيكولامينات,Catecholamines,https://www.webteb.com/general-health/diseases/الكاتيكولامينات
الكلاميديا,Chlamydia,https://www.webteb.com/general-health/diseases/المتدثرة
اجهاض محرض,Induced Abortion,https://www.webteb.com/pregnancy-childbirth/diseases/اجهاض-محرض
الطفح,Rash,https://www.webteb.com/dermatology/diseases/الطفح
الفشل الكبدي,Hepatic failure,https://www.webteb.com/gastrointestinal-tract/diseases/الفشل-الكبدي
ارتفاع إنزيمات القلب,Myocardial Enzymes elevation,https://www.webteb.com/heart/diseases/انزيمات-عضل-القلب
الدنف,Cachexia,https://www.webteb.com/healthy-aging/diseases/دنف
التهاب الجلد,Dermatitis,https://www.webteb.com/dermatology/diseases/التهاب-الجلد
الجذام,Leprosy,https://www.webteb.com/dermatology/diseases/الجذام
المعص العضلي,Muscle Cramp,https://www.webteb.com/general-health/diseases/المعص-العضلي
السمنة المرضية,Morbid obesity,https://www.webteb.com/diet/diseases/السمنة-المرضية
الخراج الدماغي,Brain abscess,https://www.webteb.com/neurology/diseases/الخراج-الدماغي
اضطرابات حركية,Movement Disorders,https://www.webteb.com/neurology/diseases/اضطرابات-حركية
التهاب القولون التقرحي,Ulcerative Colitis,https://www.webteb.com/gastrointestinal-tract/diseases/التهاب-القولون-التقرحي
التهاب المعدة والامعاء,Gastroenteritis,https://www.webteb.com/gastrointestinal-tract/diseases/التهاب-المعدة-والامعاء
التهاب الفقرات التصلبي,Ankylosing spondylitis,https://www.webteb.com/orthopedics-and-rheumatology/diseases/التهاب-الفقرات-التصلبي
الامراض المنقولة جنسيًا,Sexually transmitted disease,https://www.webteb.com/dermatology/diseases/الامراض-المنقولة-جنسيا
الرجفان الاذيني,Atrial fibrillation,https://www.webteb.com/heart/diseases/رجفان-اذيني
الوذمة,Edema,https://www.webteb.com/general-health/diseases/الوذمة
التهاب التامور,Pericarditis,https://www.webteb.com/heart/diseases/التهاب-التامور
الحمى,Fever,https://www.webteb.com/general-health/diseases/الحمى
الخناق,Diphtheria,https://www.webteb.com/general-health/diseases/الخناق
الالتهاب,Inflammation,https://www.webteb.com/general-health/diseases/الالتهاب
الإمساك,Constipation,https://www.webteb.com/gastrointestinal-tract/diseases/الامساك
التهاب الرحم,Endometritis,https://www.webteb.com/woman-health/diseases/التهاب-الرحم
التثدي عند الرجال,Gynecomastia,https://www.webteb.com/sex-education/diseases/التثدي-عند-الرجال
الصدمة,Shock states,https://www.webteb.com/general-health/diseases/الصدمة
التهاب الإحليل,Urethritis,https://www.webteb.com/kidney-urology/diseases/التهاب-الاحليل
الحمى المالطية,Brucellosis,https://www.webteb.com/general-health/diseases/الحمى-المالطية
السرمية الدويدية,Enterobius vermicularis,https://www.webteb.com/dermatology/diseases/السرمية-الدويدية
التصلب الجانبي الضموري,Amyotrophic Lateral Sclerosis,https://www.webteb.com/neurology/diseases/التصلب-الجانبي-الضموري
الثاليل,Verrucae,https://www.webteb.com/dermatology/diseases/الثاليل
التهاب الفقار,spondylitis,https://www.webteb.com/orthopedics-and-rheumatology/diseases/التهاب-الفقار
التهابات الفم والبلعوم واللوزتين,"Mouth, Pharynx, Tonsil Infections",https://www.webteb.com/general-health/diseases/التهابات-الفم-البلعوم-واللوزتين
التراخوما,Trachoma,https://www.webteb.com/eye-health/diseases/التراخوما
السعفة المبرقشة,Pityriasis versicolor/Tinea versicolor,https://www.webteb.com/dermatology/diseases/النخالية-المبرقشة
الخرف,Dementia,https://www.webteb.com/neurology/diseases/الخرف
الحمى القرمزية,Scarlet Fever,https://www.webteb.com/general-health/diseases/الحمى-القرمزية
الصرير,Stridor,https://www.webteb.com/respiratory/diseases/الصرير
الوذمة الدماغية,Brain Edema,https://www.webteb.com/neurology/diseases/الوذمة-الدماغية
الدوار,Vertigo,https://www.webteb.com/neurology/diseases/الدوار
الفيلقية,Legionaire disease,https://www.webteb.com/general-health/diseases/الفيلقية
الثاليل التناسلية,Genital warts,https://www.webteb.com/dermatology/diseases/الثاليل-التناسلية
المث,Seborrhea,https://www.webteb.com/dermatology/diseases/المث
السالمونيلا,Salmonella,https://www.webteb.com/general-health/diseases/السالمونيلا
التهاب العنبية,Uveitis,https://www.webteb.com/eye-health/diseases/التهاب-العنبية
التبول الليلي,Nocturia,https://www.webteb.com/kidney-urology/diseases/التبول-الليلي
التهاب الجراب,Bursitis,https://www.webteb.com/orthopedics-and-rheumatology/diseases/التهاب-الجراب
التهاب الوتر,Tendinitis,https://www.webteb.com/orthopedics-and-rheumatology/diseases/التهاب-الوتر
التهاب الكبد الفيروسي,Viral hepatitis,https://www.webteb.com/general-health/diseases/التهاب-الكبد-الفيروسي
التهاب المرارة,Cholecystitis,https://www.webteb.com/gallbladder/diseases/التهاب-المرارة
الالم العضلي,Myalgia,https://www.webteb.com/orthopedics-and-rheumatology/diseases/الالم-العضلي
التهاب العظم والنقي,Osteomyelitis,https://www.webteb.com/orthopedics-and-rheumatology/diseases/التهاب-العظام-والنخاع-النقي
التهاب المفصل الإنتاني,Septic Arthritis,https://www.webteb.com/orthopedics-and-rheumatology/diseases/التهاب-المفصل-الانتاني
الفشل الكلوي,Chronic Renal Failure,https://www.webteb.com/kidney-urology/diseases/الفشل-الكلوي
الشرى,"Hives, Urticaria",https://www.webteb.com/dermatology/diseases/الشرى
التهاب المريء,Esophagitis,https://www.webteb.com/gastrointestinal-tract/diseases/التهاب-المريء
المغص الكلوي,Renal Colic,https://www.webteb.com/kidney-urology/diseases/المغص-الكلوي
التهاب الهلل,Soft Tissue Infection,https://www.webteb.com/general-health/diseases/التهاب-الهلل
الصدمة التاقية,Anaphylactic Shock,https://www.webteb.com/general-health/diseases/الصدمة-التاقية
التهاب الملتحمة,"Conjuctivitis ,Pink Eye",https://www.webteb.com/eye-health/diseases/التهاب-الملتحمة
الكوليرا,Cholera,https://www.webteb.com/general-health/diseases/الكوليرا
التهاب لسان المزمار,Epiglotitis,https://www.webteb.com/child-health/diseases/التهاب-لسان-المزمار
الفدامة,Cretinism,https://www.webteb.com/general-health/diseases/الفدامة
ارتفاع هرمون الحليب,Hyperprolactinemia,https://www.webteb.com/woman-health/diseases/هرمون-الحليب
انتباذ بطاني رحمي,Endometriosis,https://www.webteb.com/woman-health/diseases/انتباذ-بطاني-رحمي
الزحار الاميبي,"Amebic Dysentery, Amebiasis",https://www.webteb.com/gastrointestinal-tract/diseases/الزحار-الاميبي
انخفاض ضغط الدم الانتصابي,Orthostatic (Postural) Hypotension,https://www.webteb.com/general-health/diseases/انخفاض-ضغط-الدم-الانتصابي
الوهن العضلي الوبيل,Myasthenia Gravis,https://www.webteb.com/neurology/diseases/الوهن-العضلي-الوبيل
الصرع الصغير,Absence Seizure,https://www.webteb.com/neurology/diseases/الصرع-الصغير
الاحتشاء الرئوي,Pulmonary Infarction,https://www.webteb.com/general-health/diseases/الاحتشاء-الرئوي
النقائل العظمية,Bone Metastases,https://www.webteb.com/cancer/diseases/النقائل-العظمية
الورمٌ السدويٌ في الجهاز المعدي المعوي-Gastrointestinal Stromal Tumor,GIST,https://www.webteb.com/gastrointestinal-tract/diseases/الورم-السدوي-في-الجهاز-المعدي-المعوي
التهاب الجلد الهربسي الشكل,Dermatitis herpetiformis,https://www.webteb.com/dermatology/diseases/التهاب-الجلد-الهربسي-الشكل
الفيروس المضخم للخلايا-Cytomegalovirus Infection,CMV,https://www.webteb.com/general-health/diseases/العدوى-بالفيروس-المضخم-للخلايا
التقران السفعي,Actinic Keratosis,https://www.webteb.com/dermatology/diseases/التقران-السفعي
الصعر التشنجي,Cervical Dystonia,https://www.webteb.com/orthopedics-and-rheumatology/diseases/الصعر-التشنجي
الالم,Pain,https://www.webteb.com/general-health/diseases/الالم
التسمم بالباراسيتامول,Paracetamol poisoning,https://www.webteb.com/general-health/diseases/التسمم-بالباراسيتامول
الامراض المعدية,Infectious disease,https://www.webteb.com/general-health/diseases/الامراض-المعدية
الداء الكسي الليفي في الثدي,Fibrocystic breasts,https://www.webteb.com/woman-health/diseases/الداء-الكيسي-الليفي-في-الثدي
البروستاتا,Benign Prostate Enlargement,https://www.webteb.com/kidney-urology/diseases/البروستاتا
الرجفان الاذيني,Atrial fibrillation,https://www.webteb.com/heart/diseases/الرجفان-الاذيني
العقم عند النساء,Female Infertility,https://www.webteb.com/woman-health/diseases/عقم-النساء
العقم عند الذكور,Male infertility,https://www.webteb.com/pregnancy-childbirth/diseases/العقم-عند-الذكور
الاعتلال الدماغي الكبدي,Hepatic encephalopathy,https://www.webteb.com/neurology/diseases/الاعتلال-الدماغي-الكبدي
انقطاع الحيض,Amenorrhea,https://www.webteb.com/general-health/diseases/انقطاع-الحيض
الإقلاع عن التدخين,Cessation of Smoking,https://www.webteb.com/quit-smoking/diseases/الاقلاع-عن-التدخين
الولادة المبكرة,Preterm Labor,https://www.webteb.com/pregnancy-childbirth/diseases/الولادة-المبكرة
التسمم المعدني,Metal Toxicity,https://www.webteb.com/general-health/diseases/التسمم-المعدني
انسداد النفير,Eustachian Tube Dysfunction,https://www.webteb.com/general-health/diseases/قصور-النفير
النزيف المعوي,Gastrointestinal Bleeding,https://www.webteb.com/gastrointestinal-tract/diseases/النزيف-المعوي
الورم الليفي في الرحم,Uterine fibroids,https://www.webteb.com/woman-health/diseases/الورم-الليفي-في-الرحم
الإدمان على الافيون,Opioid Abuse and Dependence,https://www.webteb.com/mental-health/diseases/الادمان-على-الافيون
الالم العصبي,Neuropathic Pain,https://www.webteb.com/neurology/diseases/الالم-العصبي
التهاب العين,Eye Infections,https://www.webteb.com/eye-health/diseases/التهاب-العين
التهاب الحلق,Sore Throat,https://www.webteb.com/throat/diseases/التهاب-الحلق
البلوغ المبكر,Precocious puberty,https://www.webteb.com/general-health/diseases/البلوغ-المبكر
التهاب الجلد المثي,Seborrheic Dermatitis,https://www.webteb.com/dermatology/diseases/التهاب-الجلد-المثي
العدوى بداء المبيضات,Candidiasis yeast infection,https://www.webteb.com/general-health/diseases/العدوى-بداء-المبيضات
الفرفرية القليلة الصفيحات المجهولة السبب,Idiopathic Thrombocytopenic Purpura,https://www.webteb.com/hematology/diseases/الفرفرية-القليلة-الصفيحات-المجهولة-السبب
التسمم بالمواد الافيونية,Opiod intoxication,https://www.webteb.com/neurology/diseases/التسمم-بالمواد-الافيونية
الحروق,Burn,https://www.webteb.com/surgery/diseases/الحروق
الفيروس المخلوي التنفسي-Respiratory syncytial virus,RSV,https://www.webteb.com/respiratory/diseases/الفيروس-المخلوي-التنفسي
الشعر الزائد لدى النساء,Excessive hair growth,https://www.webteb.com/woman-health/diseases/الشعر-الزائد-لدى-النساء
السعال مع البلغم,Productive cough,https://www.webteb.com/respiratory/diseases/السعال
الحلمات المتصدعة,Nipple fissures,https://www.webteb.com/woman-health/diseases/الحلمات-المتصدعة-تشقق-الحلمات
التهابات المجاري التنفسية العليا,Upper Respiratory Tract Infection,https://www.webteb.com/respiratory/diseases/تلوثات-المجاري-التنفسية-العليا
اضطراب نبضات القلب,Arrhythmia,https://www.webteb.com/heart/diseases/اضطراب-النظم
الطفح الجلدي,Rash,https://www.webteb.com/dermatology/diseases/الطفح-الجلدي
الجنف,Scoliosis,https://www.webteb.com/orthopedics-and-rheumatology/diseases/الجنف
التهابات المهبل,Vaginitis,https://www.webteb.com/woman-health/diseases/التهابات-المهبل
الفتق الحجابي,Hiatal Hernia,https://www.webteb.com/surgery/diseases/فتق-حجابي
الهربس النطاقي,Herpes Zoster,https://www.webteb.com/dermatology/diseases/الهربس-النطاقي
السمنة,Obesity,https://www.webteb.com/diet/diseases/السمنة
الحمل العنقودي,Molar pregnancy،Hydatidiform mole,https://www.webteb.com/pregnancy-childbirth/diseases/الحمل-العنقودي
الملاريا,Malaria,https://www.webteb.com/general-health/diseases/الملاريا
السيلان,Gonorrhea,https://www.webteb.com/dermatology/diseases/السيلان
الشلل الدماغي,Cerebral palsy,https://www.webteb.com/neurology/diseases/الشلل-الدماغي
الحمل خارج الرحم,Ectopic pregnancy,https://www.webteb.com/pregnancy-childbirth/diseases/الحمل-خارج-الرحم
اكتئاب ما بعد الولادة,Postpartum depression,https://www.webteb.com/pregnancy-childbirth/diseases/اكتئاب-ما-بعد-الولادة
القلس المترالي,Mitral regurgitation,https://www.webteb.com/heart/diseases/القلس-المترالي
القصور البطاني,Endothelial dysfunction,https://www.webteb.com/general-health/diseases/القصور-البطاني
النبض المتناوب,Pulsus alternans,https://www.webteb.com/heart/diseases/نبض-متناوب
النبض المتناقض,Pulsus paradoxus,https://www.webteb.com/heart/diseases/النبض-المتناقض
النفخة القلبية,Cardiac murmur,https://www.webteb.com/heart/diseases/النفخة
التهاب عضلة القلب,Myocarditis,https://www.webteb.com/heart/diseases/التهاب-عضلة-القلب
الورم المخاطي,Myxoma,https://www.webteb.com/heart/diseases/الورم-المخاطي
الشلل الرباعي,Tetraplegia,https://www.webteb.com/neurology/diseases/الشلل-الرباعي
الالتهاب الوعائي,Vasculitis,https://www.webteb.com/heart/diseases/الالتهاب-الوعائي
الشلل السفلي,Paraplegia,https://www.webteb.com/neurology/diseases/الشلل-السفلي
التقلص الاذيني المبتسر,Premature Atrial Complex,https://www.webteb.com/heart/diseases/التقلص-الاذيني-المبتسر
النبضات البطينية الباكرة,Premature Ventricular Complex,https://www.webteb.com/heart/diseases/النبضات-البطينية-الباكرة
انقباضة خارجة,Extrasystole,https://www.webteb.com/heart/diseases/انقباضة-خارجة
الخثرة الجدارية,Mural thrombus,https://www.webteb.com/heart/diseases/الخثرة-الجدارية
الورم الدبقي,Glioma,https://www.webteb.com/cancer/diseases/الورم-الدبقي
الورم الحبيبي,Granuloma,https://www.webteb.com/hematology/diseases/الورم-الحبيبي
التهاب الشغاف العدوائي,Endocarditis,https://www.webteb.com/heart/diseases/التهاب-الشغاف-العدوائي
الجمرة الخبيثة,Anthrax,https://www.webteb.com/respiratory/diseases/الجمرة-الخبيثة
السحار القطني,Byssinosis,https://www.webteb.com/respiratory/diseases/سحار-قطني-سحار-الحلاجين
السحار السيليسي,Silicosis,https://www.webteb.com/respiratory/diseases/السحار-السيليسي
السماك,Ichthyosis,https://www.webteb.com/dermatology/diseases/السماك
البهاق,Vitiligo,https://www.webteb.com/dermatology/diseases/البهاق
التهاب الجلد التماسي,Contact Dermatitis,https://www.webteb.com/dermatology/diseases/التهاب-الجلد-التماسي
التهاب الحزاز المسطح,Lichen planus,https://www.webteb.com/dermatology/diseases/التهاب-الحزاز-المسطح
الفطار الفطراني,Mycosis fungoides,https://www.webteb.com/dermatology/diseases/الفطار-الفطراني
التهاب الجلد القيحي,Pyoderma,https://www.webteb.com/dermatology/diseases/التهاب-الجلد-القيحي
النخالة الوردية,Pityriasis Rosea,https://www.webteb.com/dermatology/diseases/النخالة-الوردية
التقران الشمسي,Solar keratoses,https://www.webteb.com/dermatology/diseases/التقران-الشمسي
التهاب باطن المقلة,Endophthalmitis,https://www.webteb.com/eye-health/diseases/التهاب-باطن-المقلة
الزرق الخلقي الاولي,Primary congenital glaucoma,https://www.webteb.com/eye-health/diseases/الزرق-الخلقي-الاولي
الزرق مفتوح الزاوية,Open angle glaucoma,https://www.webteb.com/eye-health/diseases/الزرق-مفتوح-الزاوية
الزرق متضيق الزاوية,Closed angle glaucoma,https://www.webteb.com/eye-health/diseases/الزرق-متضيق-الزاوية
الزجاجي المنفصل,(PVD) Posterior Vitreous Detachment,https://www.webteb.com/eye-health/diseases/الزجاجي-المنفصل
الضمور البصري,Optic atrophy,https://www.webteb.com/eye-health/diseases/الضمور-البصري
التهاب الجفون,Blepharitis,https://www.webteb.com/eye-health/diseases/التهاب-الجفون
التهاب بكتيري بالقرنية,Bacterial keratitis Cornea,https://www.webteb.com/eye-health/diseases/التهاب-بكتيري-بالقرنية
الورم الارومي الشبكي,Retinoblastoma,https://www.webteb.com/eye-health/diseases/الورم-الارومي-الشبكي
التهاب الشبكية الصباغي-Retinitis pigmentosa,RP,https://www.webteb.com/hematology/diseases/التهاب-الشبكية-الصباغي
الفرفرية القليلة الصفيحات الخثارية-Thrombotic thrombocytopenic purpura,TTP,https://www.webteb.com/hematology/diseases/الفرفرية-القليلة-الصفيحات-الخثارية
اعتلال غامائي وحيدة النسيلة,Monoclonal gammopathy,https://www.webteb.com/hematology/diseases/اعتلال-غامائي-وحيدة-النسيلة
النزعة الوراثية للنزف,Inherited Bleeding Tendency,https://www.webteb.com/hematology/diseases/النزعة-الوراثية-للنزف
الناعور,Hemophilia,https://www.webteb.com/hematology/diseases/الناعور
اللمفومة اللاهودجكينية-Non,Hodgkin lymphoma,https://www.webteb.com/hematology/diseases/اللمفومة-اللاهودجكينية
ابيضاض الدم النقوي الحاد,Acute myeloid leukemia,https://www.webteb.com/hematology/diseases/ابيضاض-الدم-النقوي-الحاد
ابيضاض الدم النقوي المزمن,Chronic myelocytic leukemia,https://www.webteb.com/hematology/diseases/ابيضاض-الدم-النقوي-المزمن
اجروفوبيا,Agoraphobia,https://www.webteb.com/mental-health/diseases/اجروفوبيا
التخثر المنتثر داخل الاوعية,(DIC) Disseminated Intravascular Coagulation,https://www.webteb.com/hematology/diseases/التخثر-المنتثر-داخل-الاوعية
الاضطرابات الشخصية,Personality disorders,https://www.webteb.com/mental-health/diseases/الاضطرابات-النفسية
الاورام اللمفاوية,Lymphoma,https://www.webteb.com/hematology/diseases/الاورام-اللمفاوية
الاضطرابات العصابية,Neurotic disorders,https://www.webteb.com/mental-health/diseases/الاضطرابات-العصابية
الامراض النفسية الجسدية,Psychosomatic disorders,https://www.webteb.com/mental-health/diseases/الامراض-النفسية-الجسدية
الثلاسيميا,Thalassemia,https://www.webteb.com/hematology/diseases/الثلاسيميا
اضطرابات عضوية نفسية,Organic mental disorders,https://www.webteb.com/mental-health/diseases/اضطرابات-عضوية-نفسية
الإعاقة العقلية,Mental Retardation,https://www.webteb.com/mental-health/diseases/الاعاقة-العقلية
احمرار الاطراف المؤلم,Erythromelalgia,https://www.webteb.com/general-health/diseases/احمرار-الاطراف-المؤلم
احتقان,Congestion,https://www.webteb.com/heart/diseases/احتقان
التهاب جهاز الهيكل العظمي,Skeleton inflamation,https://www.webteb.com/orthopedics-and-rheumatology/diseases/التهاب-جهاز-الهيكل-العظمي
الالتهابات الوريدية,Phlebitis,https://www.webteb.com/general-health/diseases/الالتهابات-الوريدية
التهاب العظم والغضروف,Osteochondritis dissecans,https://www.webteb.com/orthopedics-and-rheumatology/diseases/التهاب-العظم-والغضروف
التصلب الضموري العضلي الجانبي,Amyotrophic lateral sclerosis,https://www.webteb.com/neurology/diseases/التصلب-الضموري-العضلي-الجانبي
التهاب الدماغ,Encephalitis,https://www.webteb.com/neurology/diseases/التهاب-الدماغ
التضيق الشوكي,Spinal stenosis,https://www.webteb.com/general-health/diseases/التضيق
الانسداد التام في الاوعية الدموية,Complete blockage of blood vessels,https://www.webteb.com/general-health/diseases/انسداد-تام-في-الاوعية-الدموية
الالام الشبحية,Phantom pains,https://www.webteb.com/neurology/diseases/الالم-الشبحي
الناسور الشرياني الوريدي-Arterio,venous fistula,https://www.webteb.com/general-health/diseases/الناسور-الشرياني-الوريدي
الامراض التشنجية,Vasospastic diseases,https://www.webteb.com/general-health/diseases/الامراض-التشنجية-التصلبية
انسداد الشرايين,Arterial occlusion,https://www.webteb.com/general-health/diseases/انسداد-الشرايين
انصمام,Embolism,https://www.webteb.com/hematology/diseases/انصمام
الصداع النصفي,Migraine,https://www.webteb.com/neurology/diseases/الصداع-النصفي
اعتلال عضلي مشتمل-Inclusion Body Myopathy,IBM,https://www.webteb.com/general-health/diseases/اعتلال-عضلي-مشتمل
الاعتلالات العصبية الالتهابية,Inflammatory neuropathy,https://www.webteb.com/neurology/diseases/الاعتلالات-العصبية-الالتهابية
الاعتلال العصبي الوراثي,Hereditary neuropathy,https://www.webteb.com/neurology/diseases/الاعتلال-العصبي-الوراثي
العصب الثلاثي التوائم,Trigeminal neuralgia,https://www.webteb.com/neurology/diseases/العصب-الثلاثي-التوائم
الشلل النصفي,Hemiplegia,https://www.webteb.com/neurology/diseases/الشلل-النصفي
انحلال الربيدات,Rhabdomyolysis,https://www.webteb.com/orthopedics-and-rheumatology/diseases/انحلال-الربيدات
الإصبع الزنادية,Trigger finger,https://www.webteb.com/orthopedics-and-rheumatology/diseases/الاصبع-الزنادية
الجراب,Bursa,https://www.webteb.com/orthopedics-and-rheumatology/diseases/الجراب
استسقاء العظم,Osteoedema,https://www.webteb.com/orthopedics-and-rheumatology/diseases/استسقاء-العظم-وذمة
التهاب الاوتار,Tendinitis,https://www.webteb.com/orthopedics-and-rheumatology/diseases/التهاب-الاوتار
التهاب الوتر على اسم دو كورفان,DeQuervain`s tendinitis,https://www.webteb.com/orthopedics-and-rheumatology/diseases/التهاب-الوتر-على-اسم-دو-كورفان
التهاب اللقيمة,Epicondylitis,https://www.webteb.com/orthopedics-and-rheumatology/diseases/التهاب-اللقيمة
القدم المسطحة,Flat feet,https://www.webteb.com/orthopedics-and-rheumatology/diseases/القدم-المسطحة
الخراجات الشوكية,Epidural Abscess,https://www.webteb.com/orthopedics-and-rheumatology/diseases/الخراج-السيسائي
الهلالة,Meniscus tear,https://www.webteb.com/orthopedics-and-rheumatology/diseases/الهلالة
الحماض الكيتوني السكري,Diabetic Ketoacidosis,https://www.webteb.com/diabetes/diseases/الحماض-الكيتوني-السكري
التصاق الاصابع,Syndactyly,https://www.webteb.com/orthopedics-and-rheumatology/diseases/ارتفاق-الاصابع
السكري الذاتية للبالغين-Latent Autoimmune Diabetes of the Adult,LADA,https://www.webteb.com/diabetes/diseases/السكري-الذاتية-للبالغين
السكري الحملي,Gestational diabetes,https://www.webteb.com/diabetes/diseases/السكري-الحملي
الحداب الخلقي,Congenital kyphosis,https://www.webteb.com/orthopedics-and-rheumatology/diseases/الحداب-الخلقي
انحلال الربيدات الإجهادي,Exertional rhabdomyolysis,https://www.webteb.com/orthopedics-and-rheumatology/diseases/انحلال-الربيدات-الاجهادي
الضفيرة العضدية,Obstetrical brachial plexus injury,https://www.webteb.com/child-health/diseases/الضفيرة-العضدية
الكسور الشائعة لدى الاطفال,Common fractures in children,https://www.webteb.com/orthopedics-and-rheumatology/diseases/الكسور-الشائعة-لدى-الاطفال
الرنح,Ataxia,https://www.webteb.com/neurology/diseases/الرنح-فقد-انتظام-الحركة
العمه,Agnosia,https://www.webteb.com/neurology/diseases/العمه-العجز-عن-ادراك-منبه-حسي
السكري الناتج عن حالات خاصة,Other types of diabetes,https://www.webteb.com/diabetes/diseases/السكري-الناتج-عن-حالات-خاصة
الحساسية للانسولين,Insulin sensitivity,https://www.webteb.com/diabetes/diseases/الحساسية-للانسولين
اعتلال الشبكية السكري,Diabetic retinopathy,https://www.webteb.com/diabetes/diseases/اعتلال-الشبكية-السكري
الإنعاش القلبي - الرئوي,Cardio Pulmonary Resuscitation CPR,https://www.webteb.com/heart/diseases/الانعاش-القلبي-الرئوي
الكنع الرقصي,Choreoathetosis,https://www.webteb.com/neurology/diseases/الكنع-الرقصي
الضغط داخل القحف,Intracranial pressure,https://www.webteb.com/neurology/diseases/الضغط-داخل-القحف
التهاب السحايا,Meningitis,https://www.webteb.com/neurology/diseases/التهاب-السحايا
اعتلال عصبي,Neuropathy,https://www.webteb.com/neurology/diseases/اعتلال-عصبي
الغيبة,Absence Seizur,https://www.webteb.com/neurology/diseases/الغيبة
ارتجاف حزمي,Fasciculation,https://www.webteb.com/neurology/diseases/ارتجاف-الحزمي
الارتجاف الحزمي,Muscle Fasciculation,https://www.webteb.com/neurology/diseases/الارتجاف-الحزمي
الربو القصبي,Bronchial asthma,https://www.webteb.com/respiratory/diseases/الربو-القصبي
الاعتلال العضلي المتقدري,The mitochondrial myopathies,https://www.webteb.com/general-health/diseases/الاعتلال-العضلي-المتقدري
النقائل السرطانية,Cancer metastases,https://www.webteb.com/heart/diseases/النقائل-السرطانية
الاورام الدماغية,Brain tumors,https://www.webteb.com/heart/diseases/الاورام-الدماغية
التهاب القصبات,Bronchiectasis,https://www.webteb.com/respiratory/diseases/التهاب-القصبات
التسمم بالبريليوم,Berylliosis,https://www.webteb.com/respiratory/diseases/التسمم-بالبريليوم
الالتهاب الرئوي اليوزيني,Eosinophilic pneumonia,https://www.webteb.com/respiratory/diseases/الالتهاب-الرئوي-اليوزيني
البلغم,Sputum,https://www.webteb.com/respiratory/diseases/البلغم
الزراق,Cyanosis,https://www.webteb.com/respiratory/diseases/الزراق
اضطرابات العرة,Ticks disorder,https://www.webteb.com/neurology/diseases/عرات
الصداع عند الاطفال,Headache in children,https://www.webteb.com/child-health/diseases/الصداع-عند-الاطفال
البداغة,Encopresis,https://www.webteb.com/general-health/diseases/البداغة
اضطرابات النمائية الشاملة,Pervasive developmental disorders,https://www.webteb.com/neurology/diseases/اضطرابات-النمائية-الشاملة
الدوار الانتيابي الحميد لدى الاطفال,Benign paroxysmal vertigo of childhood,https://www.webteb.com/child-health/diseases/الدوار-الانتيابي-الحميد-لدى-الاطفال
الزهري الخلقي,Congenital syphilis,https://www.webteb.com/dermatology/diseases/الزهري-الخلقي
الداء السيستيني,Cystinosis,https://www.webteb.com/child-health/diseases/الداء-السيستيني
القوباء الوليدية,Neonatal impetigo,https://www.webteb.com/child-health/diseases/القوباء-الوليدية
اختناق الوليد,Asphyxia of newborn,https://www.webteb.com/child-health/diseases/اختناق-الوليد
انعدام الدماغ,Anencephaly,https://www.webteb.com/child-health/diseases/انعدام-الدماغ
القناة الشريانية,Ductus arteriosus,https://www.webteb.com/child-health/diseases/القناة-الشريانية-السالكة
اليرقان عند حديثي الولادة,Neonatal jaundice,https://www.webteb.com/child-health/diseases/اليرقان-عند-حديثي-الولادة
الجياردية اللمبلية,Giardia lamblia,https://www.webteb.com/respiratory/diseases/الجياردية-المعوية-اللمبلية
التهاب الكبد لدى حديثي الولادة,Neonatal hepatitis,https://www.webteb.com/child-health/diseases/التهاب-الكبد-لدى-حديثي-الولادة
الركود الصفراوي-Liver,Pediatric cholestasis,https://www.webteb.com/child-health/diseases/الركود-الصفراوي
السلائل في الجهاز الهضمي لدى الاطفال,Intestinal polyps in children,https://www.webteb.com/child-health/diseases/السلائل-في-الجهاز-الهضمي-لدى-الاطفال
الورم الغرني العظمي,Osteosarcoma,https://www.webteb.com/orthopedics-and-rheumatology/diseases/الورم-الغرني-العظمي
الورم الارومي الكلوي,Nephroblastoma,https://www.webteb.com/cancer/diseases/الورم-الارومي-الكلوي
الساركوما العضلية المخططة,Rhabdomyosarcoma,https://www.webteb.com/orthopedics-and-rheumatology/diseases/السركومة-العضلية-المخططة
السمنة لدى الاطفال,Obesity in childhood,https://www.webteb.com/child-health/diseases/السمنة-لدى-الاطفال
الازوتيمية,Azotemia,https://www.webteb.com/kidney-urology/diseases/الازوتيمية
التهاب كبيبات الكلى لدى الاطفال,Glomerulonephritis in Children,https://www.webteb.com/child-health/diseases/التهاب-كبيبات-الكلى-لدى-الاطفال
التهاب الحويضة والكلية,Pyelonephritis,https://www.webteb.com/kidney-urology/diseases/التهاب-الحويضة-والكلية
الصقيع اليوريمي,Uremic frost,https://www.webteb.com/kidney-urology/diseases/الصقيع-اليوريمي
اعتلال الكلى بالغلوبين المناعي ا,IgA nephropathy,https://www.webteb.com/kidney-urology/diseases/اعتلال-الكلى-بالغلوبين-المناعي
التهاب المثانة,Cystitis,https://www.webteb.com/kidney-urology/diseases/التهاب-المثانة
المتلازمة الكلائية,Nephrotic syndrome,https://www.webteb.com/kidney-urology/diseases/المتلازمة-الكلائية
التهاب القصيبات,Bronchiolitis,https://www.webteb.com/respiratory/diseases/التهاب-القصيبات
الالتهاب الرئوي المتكرر عند الاطفال,Recurrent Pneumonia in Children,https://www.webteb.com/child-health/diseases/الالتهاب-الرئوي-المتكرر-لدى-الاطفال
اضطرابات النوم عند الاطفال,Sleep Disorders in Children,https://www.webteb.com/child-health/diseases/اضطرابات-النوم-لدى-الاطفال
السعال عند الاطفال,Cough in children,https://www.webteb.com/child-health/diseases/السعال-المتكرر-والمستديم-لدى-الاطفال
الخانوق,Croup,https://www.webteb.com/respiratory/diseases/الخانوق
اضطرابات الارتباط بالغليكوزيل,Congenital Disorders of Glycosylation,https://www.webteb.com/general-health/diseases/اضطرابات-الارتباط-بالغليكوزيل
اضطرابات استقلاب الاحماض الامينية,Disorders of amino acid metabolism,https://www.webteb.com/general-health/diseases/الاحماض-الامينية
اضطرابات اكسدة الاحماض الدهنية-Fatty-acids beta,oxidation disorders,https://www.webteb.com/general-health/diseases/اكسدة-الاحماض-الدهنية
اضطرابات دورة اليوريا,Urea cycle disorders,https://www.webteb.com/general-health/diseases/اضطرابات-دورة-اليوريا
القهم العصابي,Anorexia nervosa,https://www.webteb.com/mental-health/diseases/قهم-عصابي-فقد-الشهية-العصابي
اضطرابات الإحكام,Adjustment disorder,https://www.webteb.com/mental-health/diseases/اضطرابات-الاحكام
الامراض النفسية والجسدية,Psychosomatic disorders,https://www.webteb.com/mental-health/diseases/الامراض-النفسية-والجسدية-لدى-الاطفال-والبالغين
الامراض الصبغية الجسدية المتنحية,Autosomal recessive diseases,https://www.webteb.com/general-health/diseases/الامراض-الصبغية-الجسدية-المتنحية
الامراض المرتبطة بكروموسوم إكس-X,linked diseases,https://www.webteb.com/general-health/diseases/الامراض-المرتبطة-بكرموزوم-اكس
النفاخ,Emphysema,https://www.webteb.com/respiratory/diseases/النفاخ
التهاب الاذن الظاهرة,Otitis Externa,https://www.webteb.com/general-health/diseases/التهاب-الاذن-الظاهرة
الالتهابات المزمنة في الاذن الخارجية,Chronic outer ear infections,https://www.webteb.com/general-health/diseases/الالتهابات-المزمنة-في-الاذن-الخارجية
الانحجاز الرئوي,Pulmonary sequestration,https://www.webteb.com/respiratory/diseases/انحجاز-رئوي
التهاب رئوي بالمتكيسة الجؤجؤية,Pneumocystis Carinii Pneumonia,https://www.webteb.com/respiratory/diseases/التهاب-رئوي-بالمتكيسة-الجؤجؤية
التهاب الاذن الداخلية,Inner ear infection,https://www.webteb.com/general-health/diseases/التهاب-الاذن-الداخلية
الامراض الخلالية الرئوية,Interstitial lung disease,https://www.webteb.com/respiratory/diseases/الامراض-الخلالية-الرئوية
الاعتلال المفصلي العظمي الضخامي,Hypertrophic osteoarthropathy,https://www.webteb.com/orthopedics-and-rheumatology/diseases/الاعتلال-المفصلي-العظمي-الضخامي
الحساسية لسم الحشرات,Venom allergy,https://www.webteb.com/general-health/diseases/الحساسية-لسم-الحشرات
الحساسية للعفن والفطريات,Mold allergy,https://www.webteb.com/general-health/diseases/الحساسية-للعفن-والفطريات
الحساسية للادوية,Drug allergy,https://www.webteb.com/general-health/diseases/الحساسية-للادوية
الوذمة الوعائية,Angioedema,https://www.webteb.com/general-health/diseases/وذمة-وعائية
الحساسية المفرطة,Anaphylaxis,https://www.webteb.com/general-health/diseases/الحساسية-المفرطة
الحمامي العقدية,Erythema nodosum,https://www.webteb.com/dermatology/diseases/حمامي-عقدة
الربو عند الاطفال,Asthma,https://www.webteb.com/respiratory/diseases/الربو-عند-الاطفال
الصمم الخلقي في الاذن الداخلية,"Inner ear, Congenital deafness",https://www.webteb.com/general-health/diseases/الصمم-الخلقي-في-الاذن-الداخلية
التهاب الاذن الوسطى,Otitis media,https://www.webteb.com/general-health/diseases/التهاب-الاذن-الوسطى
التهاب الاذن الوسطى المزمن,Chronic otitis media,https://www.webteb.com/general-health/diseases/الالتهاب-المزمن-للاذن-الوسطى
الاورام الحميدة والخبيثة في الغدد اللعابية,Benign and malignant tumors of the salivary glands,https://www.webteb.com/cancer/diseases/الاورام-الحميدة-والخبيثة
التهاب الحنجرة,Laryngitis,https://www.webteb.com/respiratory/diseases/التهاب-الحنجرة
امراض الحنجرة,Larynx disease,https://www.webteb.com/surgery/diseases/رضح-حنجري
الرعاف,Epistaxsis,https://www.webteb.com/surgery/diseases/الرعاف
اضطرابات الطعم والرائحة,Smell and taste disorders,https://www.webteb.com/neurology/diseases/اضطراب-الرائحة-و-الذوق
الاجسام الغريبة في المريء,Esophagus foreign bodies,https://www.webteb.com/neurology/diseases/الاجسام-الغريبة-في-المريء
انسداد الانف,Nasal congestion,https://www.webteb.com/general-health/diseases/انسداد-الانف
التهاب الجيوب الانفية,sinusitis,https://www.webteb.com/general-health/diseases/التهاب-الجيوب-الانفية
التهاب الجيوب الانفية المزمن,Chronic sinusitis,https://www.webteb.com/general-health/diseases/التهاب-الجيوب-الانفية-المزمن
التهاب العنق,Neck infections,https://www.webteb.com/general-health/diseases/التهابات-العنق
التهاب القصبات الهوائية,Trachea infections,https://www.webteb.com/respiratory/diseases/التهاب-القصبات-الهوائية
العقم,Infertility,https://www.webteb.com/pregnancy-childbirth/diseases/العقم
انقطاع الطمث,Amenorrhea,https://www.webteb.com/woman-health/diseases/انقطاع-الطمث
الم التبويض,Mittelschmerz,https://www.webteb.com/woman-health/diseases/الم-التبويض
النزف الرحمي غير المنتظم,Dysfunctional uterine bleeding,https://www.webteb.com/woman-health/diseases/النزف-الرحمي-غير-المنتظم
التهاب المسالك البولية عديم الاعراض,Asymptomatic bacteriuria,https://www.webteb.com/pregnancy-childbirth/diseases/التهاب-المسالك-البولية-عديم-الاعراض
انفصال المشيمة,Placental abruption,https://www.webteb.com/pregnancy-childbirth/diseases/انفصال-المشيمة
الإجهاض الطبيعي,Spontaneous abortion,https://www.webteb.com/pregnancy-childbirth/diseases/الاجهاض-الطبيعي
الإجهاض الإنتاني,Septic abortion,https://www.webteb.com/pregnancy-childbirth/diseases/الاجهاض-الانتاني
الإجهاض,Miscarriage,https://www.webteb.com/pregnancy-childbirth/diseases/الاجهاض
الوذمة الحملية,Gestational edema,https://www.webteb.com/pregnancy-childbirth/diseases/الوذمة-الحملية
الارومة الغاذية الحملية,Gestational trophoblastic,https://www.webteb.com/pregnancy-childbirth/diseases/الارومة-الغاذية-الحملية
الحمل المنتبذ,Ectopic pregnancy,https://www.webteb.com/pregnancy-childbirth/diseases/حمل-منتبذ
الالم المزمن في الفرج,Vulvodynia,https://www.webteb.com/woman-health/diseases/الالم-المزمن-في-الفرج
التهاب دهليز الفرج,Vulvar vestibulitis,https://www.webteb.com/woman-health/diseases/التهاب-دهليز-الفرج
الحمل الرحوي,Molar pregnancy,https://www.webteb.com/pregnancy-childbirth/diseases/رحى-عدارية
العدوى في المهبل,Vaginitis,https://www.webteb.com/woman-health/diseases/العدوى-في-المهبل
الحكة الفرجية,Pruritus vulvae,https://www.webteb.com/woman-health/diseases/الحكة-الفرجية
التهابات العانة,Vulvitis,https://www.webteb.com/woman-health/diseases/التهابات-العانة
السلائل البطانية الرحمية,Endometrial polyps,https://www.webteb.com/woman-health/diseases/السلائل-البطانية-الرحمية
التهاب عنق الرحم,Cervicitis,https://www.webteb.com/woman-health/diseases/التهاب-عنق-الرحم
انعدام وجود الرحم,Amertia,https://www.webteb.com/woman-health/diseases/انعدام-وجود-الرحم
انفصال المشمية,Placental Abruption,https://www.webteb.com/woman-health/diseases/انفصال-بطانة-الرحم
المشيمة الملتصقة,Placenta accreta,https://www.webteb.com/pregnancy-childbirth/diseases/المشيمة-الملتصقة
المشيمة المنزاحة,Placenta previa,https://www.webteb.com/pregnancy-childbirth/diseases/المشيمة-المنزاحة
التواء المبيض,Adnexal torsion,https://www.webteb.com/woman-health/diseases/التواء-المبيض
انصمام السائل السلوي,Amniotic fluid embolism,https://www.webteb.com/pregnancy-childbirth/diseases/انصمام-السائل-السلوي
الاضطرابات الجنسية,Sexual Dysfunction,https://www.webteb.com/sex-education/diseases/اضطرابات-في-الوظيفة-الجنسية-اضطراب-في-الانتصاب
الاضطراب الجنسي لدى النساء,Female Sexual Dysfunction,https://www.webteb.com/sex-education/diseases/الاضطراب-الجنسي-لدى-النساء
المشعرات المهبلية,Trichmonas,https://www.webteb.com/woman-health/diseases/المشعرات-المهبلية
الانحراف الجنسي,Paraphilia,https://www.webteb.com/sex-education/diseases/الانحراف-الجنسي
الحثل الانعكاسي الودي,Reflex Sympathetic Dystrophy,https://www.webteb.com/orthopedics-and-rheumatology/diseases/الحثل-الانعكاسي-الودي
التهاب مفاصل الاطفال المزمن مجهول السبب,Juvenile chronic idiopathic arthritis,https://www.webteb.com/orthopedics-and-rheumatology/diseases/التهاب-مفاصل-الاطفال-المزمن-مجهول-السبب
التهاب المفصل العدوائي,Infectious arthritis,https://www.webteb.com/orthopedics-and-rheumatology/diseases/التهاب-المفصل-العدوائي
الروماتيزم الناكس,Palindromic rheumatism,https://www.webteb.com/orthopedics-and-rheumatology/diseases/الروماتيزم-الناكس
التهاب المفاصل الصدفي,Psoriatic arthritis,https://www.webteb.com/orthopedics-and-rheumatology/diseases/التهاب-المفاصل-في-الصدفية
الروماتويد المفصلي,Rheumatoid Arthritis,https://www.webteb.com/orthopedics-and-rheumatology/diseases/الروماتويد-المفصلي
التهاب مفصلي روماتويدي يفعي,Juvenile rheumatoid arthritis,https://www.webteb.com/orthopedics-and-rheumatology/diseases/التهاب-مفصلي-روماتويدي-يفعي
التهاب مفاصل ثانوي لامراض التهابية في الامعاء,Arthritis secondary to inflammatory bowel disease,https://www.webteb.com/orthopedics-and-rheumatology/diseases/التهاب-مفاصل-ثانوي-لامراض-التهابية-في-الامعاء
الالم الرجيع,Referred Pain,https://www.webteb.com/general-health/diseases/الالم-الرجيع
الاعتلال العصبي,Neuralgic pain,https://www.webteb.com/neurology/diseases/الاعتلال-العصبي
التهاب الشرايين,Takayasu's arteritis,https://www.webteb.com/general-health/diseases/التهاب-الشرايين
الالم المزمن,chronic pain,https://www.webteb.com/neurology/diseases/الالم-المزمن
التهاب الشريان الصدغي,Temporal arteritis,https://www.webteb.com/general-health/diseases/التهاب-الشريان-الصدغي
التهاب البريتون,Peritonitis,https://www.webteb.com/surgery/diseases/التهاب-الصفاق
انسداد الامعاء-Intestinal obstruction,Ileus,https://www.webteb.com/gastrointestinal-tract/diseases/انسداد-الامعاء
الخراج الشرجي,Perianal abscess,https://www.webteb.com/surgery/diseases/الخراج-الشرجي
التهاب العضلات والجلد,Dermatomyositis,https://www.webteb.com/dermatology/diseases/التهاب-العضلات-والجلد
الامراض المنقولة بالجنس الشرجي,Anal sexually transmitted diseases,https://www.webteb.com/sex-education/diseases/الامراض-المنقولة-بالجنس-الشرجي
الناسور في فتحة الشرج,"Fistula, perianal",https://www.webteb.com/anal/diseases/الناسور-في-فتحة-الشرج
الناسور الشعري,Pilonidal sinus,https://www.webteb.com/surgery/diseases/كيسة-عجزية-عصعصية
التهاب الاوعية الدموية,Vasculitis,https://www.webteb.com/general-health/diseases/التهاب-الاوعية-الدموية
الاسترواح الصدري,Pneumothorax,https://www.webteb.com/respiratory/diseases/الاسترواح-الصدري
الفقاعات,Bulla,https://www.webteb.com/respiratory/diseases/الفقاعات
الذئبة الحمامية الجهازية,Systemic lupus erythematosus,https://www.webteb.com/orthopedics-and-rheumatology/diseases/الذئبة-الحمامية-المجموعية
الذئبة الحمامية القرصية,Discoid Lupus Erythematosus,https://www.webteb.com/orthopedics-and-rheumatology/diseases/ذئبة-حمامية-قرصية
العوز المناعي,Immunodeficiency,https://www.webteb.com/general-health/diseases/العوز-المناعي
استئصال الفقاعات الصدرية,Blebectomy,https://www.webteb.com/surgery/diseases/استئصال-الفقاعات-الصدرية
الورم التوتي,Thymic tumors,https://www.webteb.com/cancer/diseases/الورم-التوتي
الاورام المنصفية,Mediastinal tumors,https://www.webteb.com/cancer/diseases/الاورام-المنصفية
العوز المناعي الثانوي,Secondary immunodeficiency,https://www.webteb.com/general-health/diseases/العوز-المناعي-الثانوي
التهاب المنصف,Mediastinitis,https://www.webteb.com/respiratory/diseases/التهاب-المنصف
الكدمة الرئوية,Lung contusion,https://www.webteb.com/respiratory/diseases/الكدمة-الرئوية
الصدر السائب,Flail chest,https://www.webteb.com/surgery/diseases/الصدر-السائب
الكيلوس في الصدر,Chylothorax,https://www.webteb.com/surgery/diseases/الكيلوس-في-الصدر
الكتف المتجمدة,Adhesive capsulitis,https://www.webteb.com/orthopedics-and-rheumatology/diseases/التهاب-المحفظة-اللاصق
الناسور القصبي الجنبي,Bronchopleural fistula,https://www.webteb.com/respiratory/diseases/الناسور-القصبي-الجنبي
التهاب الفقار المقسط,Ankylosing spondylitis,https://www.webteb.com/orthopedics-and-rheumatology/diseases/التهاب-الفقار-المقسط
التهاب الشرايين العقدي الكلي,Polyarteritis nodosa,https://www.webteb.com/general-health/diseases/التهاب-الشرايين-العقدي-الكلي
التهاب الغضروف,Polychondritis,https://www.webteb.com/orthopedics-and-rheumatology/diseases/التهاب-الغضاريف
النقرس الكاذب,Pseudogout,https://www.webteb.com/orthopedics-and-rheumatology/diseases/النقرس-الكاذب
استسقاء دماغي,Hydrocephalus,https://www.webteb.com/neurology/diseases/استسقاء-دماغي-موه-الراس
القيلة النخاعية السحائية,Myelomeningocele,https://www.webteb.com/neurology/diseases/القيلة-النخاعية-السحائية
الورم السحائي,Meningioma,https://www.webteb.com/neurology/diseases/الورم-السحائي
السلس البولي,Urinary incontinence,https://www.webteb.com/kidney-urology/diseases/السلس-البولي
التهاب المسالك البولية المتكررة-Recurrent Urinary Tract Infection,UTI,https://www.webteb.com/kidney-urology/diseases/التهاب-المسالك-البولية-المتكررة
العيوب الخلقية في المسالك البولية,Inborn anomalies of the genitourinary tract,https://www.webteb.com/kidney-urology/diseases/العيوب-الخلقية-في-المسالك-البولية
انحناء القضيب,Penile curvature,https://www.webteb.com/surgery/diseases/انحناء-القضيب
التهاب البروستاتا المزمن,Chronic prostatitis,https://www.webteb.com/kidney-urology/diseases/التهاب-البروستاتا-المزمن
المثانة مفرطة النشاط,Overactive bladder,https://www.webteb.com/kidney-urology/diseases/المثانة-مفرطة-النشاط
البيلة الدموية,Hematuria,https://www.webteb.com/kidney-urology/diseases/البيلة-الدموية
التهاب معوي قولوني ناخر,Necrotizing enterocolitis,https://www.webteb.com/surgery/diseases/التهاب-معوي-قولوني-ناخر
انفتال المعي المتوسط,Midgut volvolus,https://www.webteb.com/gastrointestinal-tract/diseases/انفتال-المعي-المتوسط
التهاب الزائدة الحاد,acute appendicitis,https://www.webteb.com/surgery/diseases/التهاب-الزائدة-الحاد
انغلاف,Intussusception,https://www.webteb.com/surgery/diseases/انغلاف
الجرثومة الغازية,Aeromonas,https://www.webteb.com/gastrointestinal-tract/diseases/الجرثومة-الغازية
الفيروسات الغدانية,Adenoviruses,https://www.webteb.com/general-health/diseases/الفيروسات-الغدانية
الميورة الحالة لليوريا,Ureoplasma urealyticum,https://www.webteb.com/woman-health/diseases/الميورة-الحالة-لليوريا
الإكثيمة الغنغرينية,Ecthyma gangrenosum,https://www.webteb.com/general-health/diseases/الاكثيمة-الغنغرينية
المشوكة,Echinococcus,https://www.webteb.com/general-health/diseases/المشوكة
النوباء,Alternaria,https://www.webteb.com/general-health/diseases/النوباء
الفيروسات المعوية,Enteroviruses,https://www.webteb.com/gastrointestinal-tract/diseases/الفيروسات-المعوية
الفيروسات المعوية لدى الاطفال,Enteroviruses in children,https://www.webteb.com/gastrointestinal-tract/diseases/الفيروسات-المعوية-لدى-الاطفال
الإنتيروباكتر,Enterobacter,https://www.webteb.com/gastrointestinal-tract/diseases/الانتيروباكتر
الامعائيات,Enterobacteriacea,https://www.webteb.com/gastrointestinal-tract/diseases/الامعائيات
العصيات الراكدة,Acinetobacter,https://www.webteb.com/general-health/diseases/العصيات-الراكدة
الإشريكية القولونية,Escherichia Coli,https://www.webteb.com/general-health/diseases/الاشريكية-القولونية
المتبرعمة الكيسية البشرية,Blastocystis hominis,https://www.webteb.com/general-health/diseases/المتبرعمة-الكيسية-البشرية
العصيات,Bacillus,https://www.webteb.com/general-health/diseases/العصيات
الزحار,Dysentery,https://www.webteb.com/gastrointestinal-tract/diseases/الزحار
العوساء,Diphyllobothrium latum,https://www.webteb.com/general-health/diseases/العوساء
التهاب الدماغ الياباني,Japanese Encephalitis,https://www.webteb.com/neurology/diseases/التهاب-الدماغ-الياباني
التهاب الكبد الفيروسي من نوع F,Hepatitis F,https://www.webteb.com/general-health/diseases/التهاب-الكبد-الفيروسي-من-نوعf
التهاب اللفافة الناخر,Necrotizing fasciitis,https://www.webteb.com/general-health/diseases/التهاب-اللفافة-الناخر
التيفوس المتوطن,Endemic typhus,https://www.webteb.com/general-health/diseases/التيفوس-المتوطن
اليرسينيا,Yersinia,https://www.webteb.com/general-health/diseases/اليرسينيا
التهاب البلعوم واللوزتين,Tonsillopharyngitis,https://www.webteb.com/general-health/diseases/التهاب-البلعوم-واللوزتين
الورم الحبيبي اللمفي المنقول جنسيًا,Lymphogranuloma venereum,https://www.webteb.com/sex-education/diseases/الورم-الحبيبي-اللمفي-المنقول-جنسيا
البريمية,Leptospirosis,https://www.webteb.com/general-health/diseases/البريمية
الامراض حيوانية المصدر,Zoonosis,https://www.webteb.com/general-health/diseases/الامراض-حيوانية-المصدر
الامراض المهنية,Occupational diseases,https://www.webteb.com/general-health/diseases/الامراض-المهنية
المكورة السحائية,Neisseria meningitides,https://www.webteb.com/neurology/diseases/المكورة-السحائية
البورديتيلا الشاهوقية,Bordetella pertussis,https://www.webteb.com/general-health/diseases/البورديتيلة-الشاهوقية
الامراض الفيروسية,Viral diseases,https://www.webteb.com/general-health/diseases/امراض-فيروسية
الفيروسات المنقولة بالمفصليات,Arbovirus,https://www.webteb.com/general-health/diseases/الفيروسة-المنقولة-بالمفصليات
العقدية المقيحة من المجموعة ا,Streptococcus pyogenes,https://www.webteb.com/general-health/diseases/العقدية-المقيحة-من-المجموعة-ا
المجموعات العقدية,Streptococcal groups,https://www.webteb.com/general-health/diseases/المجموعات-العقدية
الالتهابات الفطرية,Fungal infections,https://www.webteb.com/general-health/diseases/التلوثات-الفطرية
الفطريات,fungus,https://www.webteb.com/general-health/diseases/الفطريات
الببغائية,Psittacosis,https://www.webteb.com/respiratory/diseases/الببغائية
البرفوتيلا,Prevotella,https://www.webteb.com/general-health/diseases/البرفوتيلا
التهاب البروستاتا,Prostatitis,https://www.webteb.com/kidney-urology/diseases/التهاب-البروستاتا
البريون,Prion,https://www.webteb.com/neurology/diseases/البريون
التيفوئيد,Typhoid fever,https://www.webteb.com/general-health/diseases/التيفوئيد
الحمى المعوية,Enteric fever,https://www.webteb.com/gastrointestinal-tract/diseases/الحمى-المعوية
الحمى الصفراء,Yellow Fever,https://www.webteb.com/general-health/diseases/الحمى-الصفراء
الجمرة,Carbuncle,https://www.webteb.com/general-health/diseases/الجمرة
الكريبتوسبوريديوم,Cryptosporidium,https://www.webteb.com/general-health/diseases/الكريبتوسبوريديوم
الفيروسة العجلية,Rotavirus,https://www.webteb.com/general-health/diseases/فيروس-العجلية
التهاب الثدي,Mastitis,https://www.webteb.com/woman-health/diseases/التهاب-الثدي
الزحار العصوي,Shigellosis,https://www.webteb.com/general-health/diseases/الزحار-العصوي
الشاهوق,Pertussis,https://www.webteb.com/child-health/diseases/الشاهوق
الفشل التنفسي,Respiratory insufficiency,https://www.webteb.com/respiratory/diseases/الفشل-التنفسي
التهاب الغدة الدرقية,Thyroiditis,https://www.webteb.com/thyroid/diseases/التهاب-الدرقية
التعرق الليلي,Night sweats,https://www.webteb.com/general-health/diseases/تعرق-ليلي
الإغماء,Syncope,https://www.webteb.com/general-health/diseases/الاغماء
الضعف,Weakness,https://www.webteb.com/general-health/diseases/الضعف
الاورام الوعائية,Angiosarcoma,https://www.webteb.com/general-health/diseases/الاورام-الوعائية
التحويلة الوعائية الخلقية,Congenital streptococcal venous shunt,https://www.webteb.com/general-health/diseases/تحويلة-وعائية
القلب اليميني,Dextrocardia,https://www.webteb.com/heart/diseases/القلب-اليميني
التهاب حوائط الغدة,Periadenitis,https://www.webteb.com/general-health/diseases/التهاب-حوائط-الغدة
النخر,Necrosis,https://www.webteb.com/general-health/diseases/النخر
الغنغرينة,Gangrene,https://www.webteb.com/surgery/diseases/الغنغرينة
الدوخة,Dizziness,https://www.webteb.com/nerves/diseases/الدوخة
الساركويد,Sarcoidosis,https://www.webteb.com/general-health/diseases/الساركويد
التعب,Fatigue,https://www.webteb.com/general-health/diseases/التعب
الذهول,Stupor,https://www.webteb.com/neurology/diseases/الذهول
البرفيرية,Porphyria,https://www.webteb.com/general-health/diseases/البرفيرية
التهاب الشغاف,Endocarditis,https://www.webteb.com/heart/diseases/التهاب-الشغاف
العطاش,Polydipsia,https://www.webteb.com/general-health/diseases/العطاش
التهاب رئوي جرثومي,Bacterial pneumonia,https://www.webteb.com/respiratory/diseases/التهاب-رئوي-جرثومي
المتلازمة الكلائية لدى البالغين,Nephrotic syndrome in adults,https://www.webteb.com/kidney-urology/diseases/المتلازمة-الكلائية-لدى-البالغين
انخفاض الحرارة,Hypothermia,https://www.webteb.com/general-health/diseases/انخفاض-الحرارة
التجشؤ,Belching,https://www.webteb.com/gastrointestinal-tract/diseases/التجشؤ
التهاب المستقيم,Proctitis,https://www.webteb.com/gastrointestinal-tract/diseases/التهاب-المستقيم
التهاب الكبد,Hepatitis,https://www.webteb.com/gastrointestinal-tract/diseases/التهاب-الكبد
التهاب الكبد المناعي الذاتي,Autoimmune hepatits,https://www.webteb.com/gastrointestinal-tract/diseases/التهاب-الكبد-المناعي-الذاتي
التهاب البنكرياس الحاد,Pancreatitis,https://www.webteb.com/diabetes/diseases/التهاب-البنكرياس-الحاد
التهاب القولون,Colitis,https://www.webteb.com/gastrointestinal-tract/diseases/التهاب-القولون
التهاب القنوات الصفراوية الاولي,Primary biliary cirrhosis,https://www.webteb.com/gastrointestinal-tract/diseases/تشمع-صفراوي-اولي
اليرقان,Jaundice,https://www.webteb.com/gastrointestinal-tract/diseases/اليرقان
اللاهيدروكلورية,Achlorhydria,https://www.webteb.com/child-health/diseases/اللاهيدروكلورية
الارتجاع المعدي المريئي,Gastroesophangeal reflux disorder,https://www.webteb.com/gastrointestinal-tract/diseases/الارتجاع-المعدي-المريىي
التهاب السحايا السلي,Tuberculous meningitis,https://www.webteb.com/neurology/diseases/التهاب-السحايا-السلي
بيلة بروتينية,Proteinuria,https://www.webteb.com/diabetes/diseases/بيلة-بروتينية
بطء القلب,Bradycardia,https://www.webteb.com/heart/diseases/بطء-القلب
بلاغرة,Pellagra,https://www.webteb.com/dermatology/diseases/بلاغرة
بيلة سيستينية,Cystinuria,https://www.webteb.com/kidney-urology/diseases/بيلة-سيستينية
بيلة جرثومية,Bacteriuria,https://www.webteb.com/general-health/diseases/بيلة-جرثومية
بكتيريا الضمة,Vibrio,https://www.webteb.com/general-health/diseases/الضمة
بصق الدم,Hemoptysis,https://www.webteb.com/general-health/diseases/بصق-الدم
تسوس الاسنان,Dental cavities,https://www.webteb.com/dental-health/diseases/تسوس-الاسنان
تضخم البروستاتا الحميد,Benign prostatic hyperplasia,https://www.webteb.com/kidney-urology/diseases/تضخم-البروستاتا-الحميد
تساقط الشعر,Hair Loss,https://www.webteb.com/integumentary-system/diseases/تساقط-الشعر
تشيخ الجلد,Skin Aging,https://www.webteb.com/dermatology/diseases/تشيخ-الجلد
تضيق الصمام الثلاثي الشرف,Tricuspid Stenosis,https://www.webteb.com/heart/diseases/تضيق-الصمام-الثلاثي-الشرف
تعفن الدم,Sepsis,https://www.webteb.com/general-health/diseases/تعفن-الدم
تيفوس,Typhus,https://www.webteb.com/general-health/diseases/تيفوس-حمى-الجبال-الصخرية-المبقعة
تشمع المرارة الاولي,Primary Biliary Cirrhosis,https://www.webteb.com/gastrointestinal-tract/diseases/تشمع-المرارة-الاولي
تشنج الجفن,Blepharospasm,https://www.webteb.com/eye-health/diseases/تشنج-الجفن
تضخم الاطراف,Acromegaly,https://www.webteb.com/general-health/diseases/ضخامة-النهايات
تشخيص الذبحة الصدرية,Diagnosis of Angina Pectoris using Thallium Stress Test,https://www.webteb.com/heart/diseases/تشخيص-الذبحة-الصدرية
تشنج العضلات,Muscle cramps,https://www.webteb.com/general-health/diseases/تشنج-العضلات
تسرع القلب البطيني-Ventricular tachycardia,VT,https://www.webteb.com/heart/diseases/تسرع-القلب-البطيني
تسرع القلب,Tachycardia,https://www.webteb.com/heart/diseases/تسرع-القلب
توقف القلب,Cardiac arrest,https://www.webteb.com/heart/diseases/توقف-القلب
تضيق الصمام المترالي,Mitral valve stenosis,https://www.webteb.com/heart/diseases/تضيق-الصمام-المترالي
تضيق الصمام الابهري,Aortic valve stenosis,https://www.webteb.com/heart/diseases/تضيق-الصمام-الابهري
تضيق الثلاثي الشرف,Tricuspid stenosis,https://www.webteb.com/heart/diseases/تضيق-الثلاثي-الشرف
تسرع القلب الاذيني,Atrial tachycardia,https://www.webteb.com/heart/diseases/تسرع-القلب-الاذيني
تلوث رئوي من فطريات,Fungal Pneumonia,https://www.webteb.com/respiratory/diseases/تلوث-رئوي-من-فطريات
تسلخ الاوعية الدموية,Dissectionof blood vessels,https://www.webteb.com/surgery/diseases/تسلخ-الاوعية-الدموية
تصخر العظم,Osteopetrosis,https://www.webteb.com/orthopedics-and-rheumatology/diseases/تصخر-العظم
تقرح الرجل,Leg ulcer,https://www.webteb.com/orthopedics-and-rheumatology/diseases/تقرح-الرجل
تزرق شبكي,Livedo reticularis,https://www.webteb.com/dermatology/diseases/تزرق-شبكي
تصلب الشرايين لدى مرضى السكري,Atherosclerosis in diabetes,https://www.webteb.com/diabetes/diseases/تصلب-الشرايين-لدى-مرضى-السكري
تشوهات تدويرية وزاوية في الرجلين,Rotatory and angular deformities of the lower extremities,https://www.webteb.com/orthopedics-and-rheumatology/diseases/تشوهات-تدويرية-وزاوية-في-الرجلين
تفقع,Contractures,https://www.webteb.com/orthopedics-and-rheumatology/diseases/التقفع
تشوه شرياني وريدي-AVM,Arteriovenous Malformation,https://www.webteb.com/neurology/diseases/تشوه-شرياني-وريدي
تعذر الاداء,Apraxia,https://www.webteb.com/neurology/diseases/تعذر-الاداء
تضخم الغدانيات,Adenoidhypertrophy,https://www.webteb.com/general-health/diseases/الغدانيات
تشوهات خلقية,Congenital malformation,https://www.webteb.com/child-health/diseases/تشوهات-خلقية
تسمم درقي لدى المولود,Neonatal thyrotoxicosis,https://www.webteb.com/child-health/diseases/تسمم-درقي-لدى-المولود
تكلس الكلى,Nephrocalcinosis,https://www.webteb.com/kidney-urology/diseases/تكلس-الكلى
تشوهات خلقية في ممرات الهواء,Congenital anomalies of the airways,https://www.webteb.com/respiratory/diseases/تشوهات-خلقية-في-ممرات-الهواء
تسرب السائل النخاعي,CSF leak,https://www.webteb.com/neurology/diseases/تسرب-السائل-النخاعي
تصلب الاذن الوسطى,Otosclerosis,https://www.webteb.com/general-health/diseases/تصلب-الاذن-الوسطى
تلوث السائل السلوي,Intra amniotic infection,https://www.webteb.com/pregnancy-childbirth/diseases/تلوث-السائل-السلوي
ترميم المهبل,Vaginal atresia,https://www.webteb.com/woman-health/diseases/ترميم-المهبل
تخلف النمو الداخل رحمي,Intrauterine growth restriction,https://www.webteb.com/pregnancy-childbirth/diseases/تخلف-النمو-الداخل-رحمي
تمزق الاغشية الباكر,Premature rupture of the membranes,https://www.webteb.com/pregnancy-childbirth/diseases/تمزق-الاغشية-الباكر
تدلي المستقيم,Rectal prolapse,https://www.webteb.com/gastrointestinal-tract/diseases/تدلي-المستقيم
تمويه جزيئي,Molecular mimicry,https://www.webteb.com/general-health/diseases/تمويه-جزيئي
تسرب الهواء من الرئة,Lung air leak,https://www.webteb.com/respiratory/diseases/تسرب-الهواء-من-الرئة
تصلـب الجلد,Scleroderma,https://www.webteb.com/general-health/diseases/تصلب-الجلد
تشوهات خلقية في جدار الصدر,Congenital deformities of the chest wall,https://www.webteb.com/respiratory/diseases/تشوهات-خلقية-في-جدار-الصدر
تمدد الشريان الاورطي البطني,Abdominal aortic aneurysm,https://www.webteb.com/heart/diseases/تمدد-الشريان-الاورطي-البطني
تعظم الدروز الباكر,Craniosynostosis,https://www.webteb.com/orthopedics-and-rheumatology/diseases/تعظم-الدروز-الباكر
تضيق البواب,Pyloric Stenosis,https://www.webteb.com/gastrointestinal-tract/diseases/تضيق-البواب
تشوهات خلقية في جدار البطن.,Abdominal wall congenital malformations,https://www.webteb.com/child-health/diseases/تشوهات-خلقية-في-جدار-البطن
تيفوس اكالي,Scrub typhus,https://www.webteb.com/general-health/diseases/تيفوس-اكالي
تلوث الدم,Bacteremia,https://www.webteb.com/general-health/diseases/تلوث-الدم
تضخم العقد اللمفية,Swollen lymph nodes,https://www.webteb.com/general-health/diseases/تضخم-العقد-اللمفية
تضخم الكبد,Hepatomegaly,https://www.webteb.com/general-health/diseases/تضخم-الكبد
تفقم الاطراف,Phocomelia,https://www.webteb.com/child-health/diseases/تفقم-الاطراف
تضخم الطحال,Splenomegaly,https://www.webteb.com/general-health/diseases/تضخم-الطحال
تشوه باد - خياري-Budd,Chiari malformation,https://www.webteb.com/general-health/diseases/تشوه-باد-خياري
تراكم البراز,Fecal accumulation,https://www.webteb.com/gastrointestinal-tract/diseases/تراكم-البراز
تغوط مدمى,Hematochezia,https://www.webteb.com/gastrointestinal-tract/diseases/تغوط-مدمى
تشمع الكبد,Liver cirrhosis,https://www.webteb.com/gastrointestinal-tract/diseases/تشمع-الكبد
جدري الماء,Chickenpox,https://www.webteb.com/child-health/diseases/جدري-الماء
جفاف العيون,Dry Eyes,https://www.webteb.com/eye-health/diseases/جفاف-العينين
جفاف الفم,Dry mouth,https://www.webteb.com/general-health/diseases/جفاف-الفم
جفاف العين,"Xerophtalmia, dry eyes",https://www.webteb.com/eye-health/diseases/جفاف-العين
جنف المراهقين,Adolescent idiopathic scoliosis,https://www.webteb.com/orthopedics-and-rheumatology/diseases/جنف-المراهقين
حب الشباب,Acne,https://www.webteb.com/healthy-beauty/diseases/حب-الشباب
حصى المرارة,Gallstones,https://www.webteb.com/gastrointestinal-tract/diseases/حصى-المرارة
حصى الكلى,Kidney Stone,https://www.webteb.com/kidney-urology/diseases/حصى-الكلى
حمى النيل الغربي,West nile Fever,https://www.webteb.com/general-health/diseases/حمى-النيل-الغربي
حمى البحر المتوسط,"Familial Mediterranean Fever, FMF",https://www.webteb.com/general-health/diseases/حمى-البحر-المتوسط-العائلية
حمى كيو-Q,fever,https://www.webteb.com/general-health/diseases/حمى-كيو
حمى الكلا,Hay Fever,https://www.webteb.com/general-health/diseases/حمى-الكلا
حمى دخان الفلزات,Metal fume fever,https://www.webteb.com/general-health/diseases/حمى-دخان-الفلزات
حساسية الإنسولين,Insulin allergy,https://www.webteb.com/diabetes/diseases/حساسية-الانسولين
حثل العضلات,Muscular dystrophies,https://www.webteb.com/neurology/diseases/حثل-الغضلات
حثل,Dystrophy,https://www.webteb.com/orthopedics-and-rheumatology/diseases/الحثل
حنف القدم الولادي,Clubfoot,https://www.webteb.com/orthopedics-and-rheumatology/diseases/حنف-القدم-الولادي
حنف القدم,Club foot,https://www.webteb.com/orthopedics-and-rheumatology/diseases/حنف-القدم
حماض كلوي نبيبي-Renal Tubular Acidosis,RTA,https://www.webteb.com/kidney-urology/diseases/حماض-كلوي-نبيبي
حساسية الحليب,Milk allergy,https://www.webteb.com/diet/diseases/حساسية-الحليب
حساسية الغذاء,Food allergy,https://www.webteb.com/diet/diseases/حساسية-الغذاء
حمى مجهولة المنشا,Fever of Unknown Origin,https://www.webteb.com/general-health/diseases/حمى-مجهولة-المنشا
حمى الضنك,Dengue fever,https://www.webteb.com/general-health/diseases/حمى-الضنك
حمى البحر المتوسط المبقعة,Mediterranean spotted fever,https://www.webteb.com/dermatology/diseases/حمى-البحر-المتوسط-المبقعة
حكة شرجية,Pruritus ani,https://www.webteb.com/gastrointestinal-tract/diseases/حكة-شرجية
خفقان القلب,Palpitations,https://www.webteb.com/heart/diseases/خفقان-القلب
خثار شرياني,Arterial thrombosis,https://www.webteb.com/hematology/diseases/خثار-شرياني
خلل التنسج الليفي العضلي,Fibromuscular dysplasia,https://www.webteb.com/general-health/diseases/خلل-التنسج-الليفي-العضلي
خلل في الجلوكوز بالصوم,Impaired Fasting Glucose,https://www.webteb.com/diabetes/diseases/خلل-في-الجلوكوز-بالصوم
خلل التنسج الوركي,Developmental dysplasia of the Hip,https://www.webteb.com/orthopedics-and-rheumatology/diseases/مفصل-الورك
خثار في الجيوب الوريدية الدماغية,Venous sinus thrombosis,https://www.webteb.com/neurology/diseases/خثار-في-الجيوب-الوريدية-الدماغية
خلل التنسج القصبي الرئوي,Bronchopulmonary dysplasia,https://www.webteb.com/child-health/diseases/خلل-التنسج-القصبي-الرئوي
خلل الوظائف المستقلة العائلي,Familial dysautonomia,https://www.webteb.com/general-health/diseases/خلل-الوظائف-المستقلة-العائلي
خلل في حاسة الشم,Defective sense of smel,https://www.webteb.com/general-health/diseases/امراض-الانف
خراج الرئة,Lung abscess,https://www.webteb.com/respiratory/diseases/خراج-الرئة
خثار الاوردة العميقة,Deep vein thrombosis,https://www.webteb.com/general-health/diseases/خثار-الاوردة-العميقة-والتهاب-الوريد-الخثاري-السطحي
خلل التنسج الوعائي,Angiodysplasia,https://www.webteb.com/general-health/diseases/خلل-التنسج-الوعائي
داء كثرة الوحيدات,Mononucleosis,https://www.webteb.com/general-health/diseases/داء-كثرة-الوحيدات
داء الليستريات,Listeriosis,https://www.webteb.com/general-health/diseases/داء-الليستريات
داء غوشيه,Gaucher's disease,https://www.webteb.com/child-health/diseases/داء-غوشيه
داء الليشمانيات,Leishmaniasis,https://www.webteb.com/general-health/diseases/داء-الليشمانيات
دوار البحر,Seasickness,https://www.webteb.com/general-health/diseases/دوار-البحر
داء غريفز,Graves Disease,https://www.webteb.com/general-health/diseases/داء-غريفز
داء البلهارسيات,Schistosomiasis,https://www.webteb.com/general-health/diseases/داء-البلهارسيات
داء الجيارديات,Giardiasis,https://www.webteb.com/general-health/diseases/داء-الجيارديات
داء المرتفعات,High altitude sickness,https://www.webteb.com/neurology/diseases/داء-المرتفعات
دوالي الساقين,Venous insufficiency,https://www.webteb.com/general-health/diseases/دوالي-الساقين
داء مينيير,Meniere disease,https://www.webteb.com/neurology/diseases/داء-مينيير
داء المقوسات,Toxoplasmosis,https://www.webteb.com/general-health/diseases/داء-المقوسات
داء المبيضات الفموي,Oral Candidiasis,https://www.webteb.com/general-health/diseases/داء-المبيضات-الفموي
داء المشعرات,"Trichomoniasis, Trichomonas vaginitis",https://www.webteb.com/neurology/diseases/التريكوموناس
داء الرشاشيات,Aspergillosis,https://www.webteb.com/general-health/diseases/داء-الرشاشيات
دم في البول,Hematuria,https://www.webteb.com/hematology/diseases/دم-في-البول
دوالي الخصية,Varicocele,https://www.webteb.com/man-health/diseases/دوالي-الخصية
داء الغواص,Decompression sickness,https://www.webteb.com/general-health/diseases/داء-الغواص
داء الاسبست,Asbestosis,https://www.webteb.com/respiratory/diseases/داء-الاسبست
داء الليشمانيات الجلدي,Cutaneous leishmaniasis,https://www.webteb.com/dermatology/diseases/داء-الليشمانيات-الجلدي
داء فون فيليبراند,Von Willebrand disease,https://www.webteb.com/hematology/diseases/داء-فون-فيليبراند
داء اوزغـود - شلاتـر-Osgood,Schlatter disease,https://www.webteb.com/orthopedics-and-rheumatology/diseases/داء-اوزغود-شلاتر-التنكس-العظمي-الغضروفي-للاحدوبة-الظنبوبية
داء الفقار الرقبية,Cervical spondylosis,https://www.webteb.com/orthopedics-and-rheumatology/diseases/داء-الفقار-الرقبية
داء ليج كالف بيرث,Legg Calve Perthes disease,https://www.webteb.com/orthopedics-and-rheumatology/diseases/داء-ليج-كالف-بيرث
ديستونيا,Dystonia,https://www.webteb.com/general-health/diseases/ديستونيا
داء الفيل,Elephantiasis,https://www.webteb.com/general-health/diseases/داء-الفيل
داء العصبون الحركي,Motor neuron disease,https://www.webteb.com/neurology/diseases/داء-العصبون-الحركي
داء هيرشسبرونغ,Hirschsprung disease,https://www.webteb.com/child-health/diseases/داء-هيرشسبرونغ
داء الاختزان في الجسيمات الحالة,Lysosomal storage disorders,https://www.webteb.com/general-health/diseases/داء-الاختزان-في-الجسيمات-الحالة
داء اختزان الغليكوجين,Glycogen storage diseases,https://www.webteb.com/general-health/diseases/داء-اختزان-الغليكوجين
داء الحويصلات الهوائية البروتيني,Alveolar proteinosis,https://www.webteb.com/respiratory/diseases/داء-الحويصلات-الهوائية-البروتيني
دبيلة (تجمع قيحي في جوف),Empyema,https://www.webteb.com/respiratory/diseases/دبيلة-تجمع-قيحي-في-جوف
ديسك الظهر,Degenerative diseases of the vertebra,https://www.webteb.com/orthopedics-and-rheumatology/diseases/داء-القرص-التنكسي-في-العامود-الفقري
داء الكلب,Rabies,https://www.webteb.com/general-health/diseases/داء-الكلب
داء النغف,Myiasis,https://www.webteb.com/dermatology/diseases/داء-النغف
داء البلهارسيا,Schistosomiasis,https://www.webteb.com/general-health/diseases/داء-البلهارسيا
داء الشعريات المبوغة,Sporotrichosis,https://www.webteb.com/general-health/diseases/داء-الشعريات-المبوغة
داء المتورقات,Fascioliasis,https://www.webteb.com/general-health/diseases/داء-المتورقات
داء الفيلاريات,Filariasis,https://www.webteb.com/dermatology/diseases/داء-الفيلاريات
داء المبيضات,Candida,https://www.webteb.com/general-health/diseases/المبيضة
داء نشواني,Amyloidosis,https://www.webteb.com/general-health/diseases/داء-نشواني
داء كريسماس,Christmas disease,https://www.webteb.com/hematology/diseases/داء-كريسماس
دوالي المريء,Esophagogastric varices,https://www.webteb.com/gastrointestinal-tract/diseases/دوالي-المريء
داء الرتوج,Diverticulosis,https://www.webteb.com/surgery/diseases/داء-الرتوج
داء السلائل الورمي الغدي العائلي,Familial Adenomatous Polyposis,https://www.webteb.com/cancer/diseases/داء-السلائل-العائلي
رائحة الفم,Bad Breath,https://www.webteb.com/general-health/diseases/رائحة-الفم
رفض الاعضاء المزروعة,Transplant rejection,https://www.webteb.com/general-health/diseases/داء-الطعم-حيال-الثوي-رفض-الاعضاء-المزروعة
رفرفة اذينية,Atrial flutter,https://www.webteb.com/heart/diseases/رفرفة-اذينية
رهاب الاماكن المغلقة,Claustrophobia,https://www.webteb.com/mental-health/diseases/رهاب-الاماكن-المغلقة
ردة فعل جاريش هركسايمر-Jarisch,Herxheimer reaction,https://www.webteb.com/general-health/diseases/ردة-فعل-جاريش-هركسايمر
رضح العمود الفقري,Vertebral column trauma,https://www.webteb.com/neurology/diseases/رضح-العمود-الفقري
رتق القنوات الصفراوية,Biliary atresia,https://www.webteb.com/surgery/diseases/رتق-القنوات-الصفراوية
رتق المريء,Esophageal atresia,https://www.webteb.com/surgery/diseases/رتق-المريء
رتق الامعاء,Intestinal atresia,https://www.webteb.com/surgery/diseases/رتق-الامعاء
رتق الشرج,Imperforated anus,https://www.webteb.com/surgery/diseases/رتق-الشرج
رعاش خافق,flapping tremor,https://www.webteb.com/neurology/diseases/رعاش-خافق
زراق الاطراف,Acrocyanosis,https://www.webteb.com/orthopedics-and-rheumatology/diseases/زراق-الاطراف
زوال التعصيب العضلي,Denervation of muscles,https://www.webteb.com/neurology/diseases/زوال-التعصيب-العضلي
سرطان الثدي,Breast Cancer,https://www.webteb.com/cancer/diseases/سرطان-الثدي
سرطان البروستاتا,Prostate Cancer,https://www.webteb.com/cancer/diseases/سرطان-البروستاتا
سرطان الغدة الدرقية,Thyroid Cancer,https://www.webteb.com/cancer/diseases/سرطان-الغدة-الدرقية
سرطان البنكرياس,Pancreatic Cancer,https://www.webteb.com/cancer/diseases/سرطان-البنكرياس
سلس البول,Incontinence,https://www.webteb.com/kidney-urology/diseases/السلس-البولي-سلس-البول
سرطان عنق الرحم,Cervical Cancer,https://www.webteb.com/cancer/diseases/سرطان-عنق-الرحم
سرطان الدماغ,Brain cancer,https://www.webteb.com/cancer/diseases/سرطان-الدماغ
سرطان الكلى,Kidney Cancer,https://www.webteb.com/cancer/diseases/سرطان-الكلى
سرطان الخصية,Testicular Cancer,https://www.webteb.com/cancer/diseases/سرطان-الخصية
سرطان المبيض,Ovarian Cancer,https://www.webteb.com/cancer/diseases/سرطان-المبيض
سرطان الكبد,Liver Cancer,https://www.webteb.com/cancer/diseases/سرطان-الكبد
سرطان المعدة,Stomach Cancer,https://www.webteb.com/cancer/diseases/سرطان-المعدة
سرطان المثانة,Bladder cancer,https://www.webteb.com/cancer/diseases/سرطان-المثانة
ساركوما كابوزي,Kaposis sarcoma,https://www.webteb.com/cancer/diseases/ساركومة-كابوزي
سرطان الراس,Head and Neck Cancer,https://www.webteb.com/cancer/diseases/سرطان-الراس
سرطان العظام,Bone Cancer,https://www.webteb.com/cancer/diseases/سرطان-العظام
سرطان الخلايا القاعدية-Basal Cell Carcinoma,BCC,https://www.webteb.com/cancer/diseases/سرطان-الخلايا-القاعدية
سرعة القذف,Premature Ejaculation,https://www.webteb.com/man-health/diseases/سرعة-القذف
ساركوما الانسجة الرخوة,Soft tissue sarcoma,https://www.webteb.com/cancer/diseases/سركومة-الانسجة-الرخوة
سرطانة غزوية,Invasive carcinoma,https://www.webteb.com/cancer/diseases/سرطانة-غزوية
سرطانة لابدة,Carcinoma in situ,https://www.webteb.com/cancer/diseases/سرطانة-لابدة
سد شريان الشبكية,Retinal artery occlusion,https://www.webteb.com/eye-health/diseases/سد-شريان-الشبكية
سرطان الدم الليمفاوي الحاد,Acute lymphoblastic leukemia,https://www.webteb.com/hematology/diseases/سرطان-الدم-الليمفاوي-الحاد
سرطان الفم,Oral cancer and precancerous lesions,https://www.webteb.com/cancer/diseases/سرطان-الفم
سرطان الحبال الصوتية,Cancer of the vocal cord,https://www.webteb.com/cancer/diseases/سرطان-الحبال-الصوتية
ساركوما العظام,Bone sarcoma,https://www.webteb.com/cancer/diseases/ساركوما-العظام
سرطان المريء,Esophageal cancer,https://www.webteb.com/cancer/diseases/سرطان-المريء
سكري الشبان الناضجين-Maturity Onset Diabetes of the Young,MODY,https://www.webteb.com/diabetes/diseases/سكري-الشبان-الناضجين
سكري من النوع الثاني,Type 2 diabetes,https://www.webteb.com/diabetes/diseases/سكري-من-النمط-2
سكري من النوع الاول,Type 1 Diabetes,https://www.webteb.com/diabetes/diseases/سكري-من-النمط-1
سمية الغلوكوز,Glucose toxicity,https://www.webteb.com/diabetes/diseases/سمية-الجلوكوز
سمية الدهون,Lipotoxicity,https://www.webteb.com/general-health/diseases/سمية-الدهون
سوء الامتصاص,Malabsorption,https://www.webteb.com/diet/diseases/سوء-الامتصاص
سوء التغذية,Malnutrition,https://www.webteb.com/diet/diseases/سوء-التغذية
سرطان الدم عند الاطفال,Childhood leukemia,https://www.webteb.com/hematology/diseases/سرطان-الدم-عند-الاطفال
ساركومة يوينغ,Ewing's Sarcoma,https://www.webteb.com/cancer/diseases/ساركومة-يوينغ
سرطان الحنجرة,larynx cancer,https://www.webteb.com/cancer/diseases/اورام-الحنجرة
سرطان الفرج,Vulvar cancer,https://www.webteb.com/woman-health/diseases/السرطان-الفرج
سرطان قناة فالوب,Fallopian tube carcinoma,https://www.webteb.com/woman-health/diseases/سرطان-الابواق-سرطان-انابيب-فالوب
ساركوما الرحم,Uterine sarcomas,https://www.webteb.com/woman-health/diseases/سركومات-الرحم
سلس البراز,Anorectal incontinence,https://www.webteb.com/gastrointestinal-tract/diseases/سلس-البراز
سلس الغائط,Fecal incontinence,https://www.webteb.com/gastrointestinal-tract/diseases/سلس-الغائط
سرطان القولون والمستقيم,Carcinoma of colon,https://www.webteb.com/cancer/diseases/سرطان-القولون-والمستقيم
شذوذات خلقية في الشرايين التاجية,Congenital coronary artery anomalies,https://www.webteb.com/heart/diseases/شذوذات-خلقية-في-الشرايين-التاجية
شخصية معادية للمجتمع-Anti,social personality,https://www.webteb.com/mental-health/diseases/شخصية-معادية-للمجتمع
شلل العصب الوجهي,Facial nerve paralysis,https://www.webteb.com/neurology/diseases/شلل-او-ضعف-العصب-الوجهي-المحيطي
شلل احادي,Monoplegia,https://www.webteb.com/neurology/diseases/شلل-احادي
شلل الحجاب الحاجز,Diaphragm paralysis,https://www.webteb.com/respiratory/diseases/الشلل-الحجابي
شلل الاطفال,Polio,https://www.webteb.com/child-health/diseases/شلل-الاطفال
صدر جؤجؤي,Pectus carinatum,https://www.webteb.com/general-health/diseases/صدر-جؤجؤي
صدر مقعر,Pectus excavatum,https://www.webteb.com/general-health/diseases/صدر-مقعر
صغر الراس,Microcephaly,https://www.webteb.com/child-health/diseases/صغر-الراس
صرير,Stridor,https://www.webteb.com/respiratory/diseases/صرير
صدر مدمى,Hemothorax,https://www.webteb.com/respiratory/diseases/صدر-مدمى
ضعف الانتصاب,Erectile dysfunction,https://www.webteb.com/sex-education/diseases/ضعف-الانتصاب
ضربات قلب هاربة,Escape Heart Beat,https://www.webteb.com/heart/diseases/ضربات-قلب-هاربة
ضمور النخاع الشوكي,Spinal Muscular Atrophy,https://www.webteb.com/orthopedics-and-rheumatology/diseases/ضمور-النخاع-الشوكي
ضعف تحمل الغلوكوز-Impaired Glucose Tolerance,IGT,https://www.webteb.com/diabetes/diseases/ضعف-تحمل-الجلوكوز
ضعف سمع في الاذن الداخلية نتيجة التعرض لضجيج-Noise Induced Hearing Loss,NIHL,https://www.webteb.com/general-health/diseases/ضعف-سمع-في-الاذن-الداخلية-نتيجة-التعرض-لضجيج
ضيق القصبة الهوائية,Tracheal Stenosis,https://www.webteb.com/respiratory/diseases/ضيق-القصبة-الهوائية
ضائقة جنينية,Fetal distress,https://www.webteb.com/pregnancy-childbirth/diseases/ضائقة-جنينية
طفح الحفاظ,Diaper Rash,https://www.webteb.com/child-health/diseases/طفح-الحفاظ
طبقة بيضاء في العانة,Vulvar leukoplakia,https://www.webteb.com/woman-health/diseases/طبقة-بيضاء-في-العانة
عدم تحمل اللاكتوز,Lactose Intolerance,https://www.webteb.com/child-health/diseases/عدم-تحمل-اللاكتوز
عسر الهضم,Dyspepsia,https://www.webteb.com/gastrointestinal-tract/diseases/عسر-الهضم
علاج الهرمونات,Hormone Replacement Therapy,https://www.webteb.com/woman-health/diseases/علاج-الهرمونات
عيب الحاجز البطيني,Ventricular septum defect,https://www.webteb.com/heart/diseases/عيب-الحاجز-البطيني
عيوب الحاجز الاذيني,Atrial Septal Defect,https://www.webteb.com/heart/diseases/عيوب-الحاجز-الاذيني
عدوى العظام والمفاصل لدى الاطفال,Bone and joint infection in children,https://www.webteb.com/orthopedics-and-rheumatology/diseases/عدوى-العظام-والمفاصل-لدى-الاطفال
علامة هومان,Homan`s Sign,https://www.webteb.com/surgery/diseases/علامة-هومان
عرج متقطع,Intermittent claudication,https://www.webteb.com/orthopedics-and-rheumatology/diseases/عرج-متقطع
عيوب خلقية لجوف الفم,Congenital diseases of the oral cavity,https://www.webteb.com/child-health/diseases/عيوب-خلقية-لجوف-الفم
عقيدات الغدة الدرقية,Thyroid nodule,https://www.webteb.com/general-health/diseases/عقيدات-الغدة-الدرقية
عقيدات واورام الحنجرة الحميدة,Laryngeal nodules and granulomas,https://www.webteb.com/surgery/diseases/عقيدات-واورام-الحنجرة-الحميدة
عسر الجماع,Dyspareunia,https://www.webteb.com/woman-health/diseases/عسر-الجماع
عيوب خلقية في الجهاز التناسلي-Congenital anomalies,Mulerian system,https://www.webteb.com/woman-health/diseases/عيوب-خلقية-في-الجهاز-التناسلي
عشق الاطفال,Pedophilia,https://www.webteb.com/sex-education/diseases/عشق-الاطفال
عوز الغلوبولين المناعي ا,Immunoglobulin A deficiency,https://www.webteb.com/general-health/diseases/عوز-الغلوبولين-المناعي-ا
عدوى المسالك البولية,Urinary tract infections,https://www.webteb.com/kidney-urology/diseases/عدوى-المسالك-البولية
علوس العقي,Meconium ileus,https://www.webteb.com/child-health/diseases/علوص-العقي
عيوب الرئة الخلقية,Lung congenital defects,https://www.webteb.com/respiratory/diseases/عيوب-الرئة-الخلقية
عقد اوسلر,Osler’s nodes,https://www.webteb.com/general-health/diseases/عقد-اوسلر
عسر الهضم الوظيفي,Functional dyspepsia,https://www.webteb.com/gastrointestinal-tract/diseases/عسر-الهضم-الوظيفي
غزارة الدورة الشهرية,Menorrhagia,https://www.webteb.com/woman-health/diseases/غزارة-الدورة-الشهرية
غدد منتفخة,Swollen Glands,https://www.webteb.com/general-health/diseases/غدد-منتفخة
غياب الإباضة,Anovulation,https://www.webteb.com/pregnancy-childbirth/diseases/غياب-الاباضة
غنغرينا غازية,Gas gangrene,https://www.webteb.com/surgery/diseases/غنغرينا-غازية
فقد الذاكرة,Amnesia,https://www.webteb.com/neurology/diseases/فقد-الذاكرة
فقر الدم,Anemia,https://www.webteb.com/circulatory-system/diseases/فقر-الدم
فيروس الورم الحليمي البشري,Human Papillomavirus HPV,https://www.webteb.com/woman-health/diseases/فيروس-الورم-الحليمي-البشري
فقد الشهية العصابي,Anorexia Nervosa,https://www.webteb.com/mental-health/diseases/فقد-الشهية-العصابي
فرط الدرقية,Hyperthyroidism,https://www.webteb.com/general-health/diseases/فرط-الدرقية
فشل القلب الاحتقاني-Congestive Heart Failure,CHF,https://www.webteb.com/heart/diseases/فشل-القلب-الاحتقاني
فرط ثلاثي غليسيريد الدم,Hypertrygliceridemia,https://www.webteb.com/general-health/diseases/فرط-ثلاثي-غليسيريد-الدم
فرط شحميات الدم,Hyperlipidemia,https://www.webteb.com/general-health/diseases/فرط-شحميات-الدم
فرط الحساسية الغذائية,Food Hypersensitivity,https://www.webteb.com/diet/diseases/فرط-الحساسية-الغذائية
فيروس الروتا,Rotavirus,https://www.webteb.com/general-health/diseases/فيروس-الروتا
فرط فسفاتاز الدم,Hyperphosphatemia,https://www.webteb.com/general-health/diseases/فرط-فسفاتاز-الدم
فيروس HPV (الورم الحليمي),HPV infection,https://www.webteb.com/woman-health/diseases/hpv-فيروس
فقد غاما غلوبولين الدم,Agammaglobulinemia,https://www.webteb.com/hematology/diseases/فقد-غاما-غلوبولين-الدم
فقر الدم اللاتنسجي,Aplastic anemia,https://www.webteb.com/hematology/diseases/فقر-الدم-اللاتنسجي
فقر الدم المرافق لخلل تكون الكريات الحمر الخلقي,Congenital dyserythropoietic anemia,https://www.webteb.com/eye-health/diseases/فقر-الدم-المرافق-لخلل-تكون-الكريات-الحمر-الخلقي
فقر الدم الضخم الارومات,Megaloblastic anemia,https://www.webteb.com/hematology/diseases/فقر-الدم-الضخم-الارومات
فقر الدم الحديدي الارومات,Sideroblastic anemia,https://www.webteb.com/hematology/diseases/فقر-الدم-الحديدي-الارومات
فقر الدم الحرون,Refractory anemia,https://www.webteb.com/hematology/diseases/فقر-الدم-الحرون
فقر الدم بسبب نقص الحديد,Iron deficiency anemia,https://www.webteb.com/hematology/diseases/فقر-الدم-بسبب-نقص-الحديد
فرط الهوموسستئين في الدم,Hyperhomocysteinemia,https://www.webteb.com/general-health/diseases/فرط-الهوموسستئين-في-الدم
فقد البروتين الشحمي بيتا من الدم,Abetalipoproteinemia,https://www.webteb.com/hematology/diseases/فقد-البروتين-الشحمي-بيتا-من-الدم
فرط كوليسترول الدم العائلي,Familial hypercholesterolemia,https://www.webteb.com/general-health/diseases/فرط-كولسترول-الدم-العائلي
فرط تخثر الدم,Hypercoagulability,https://www.webteb.com/hematology/diseases/تخثر-الدم
فرط سكر الدم,Hyperglycemia,https://www.webteb.com/diabetes/diseases/فرط-سكر-الدم
فرط شحميات الدم لدى مرضى السكري,Hyperlipidemia in diabetes,https://www.webteb.com/diabetes/diseases/فرط-شحميات-الدم-لدى-مرضى-السكري
فرط ضغط الدم الرئوي,Pulmonary hypertension,https://www.webteb.com/respiratory/diseases/فرط-ضغط-الدم-الرئوي
فقر الدم اللاتنسجي الوراثي,Inherited aplastic anemia,https://www.webteb.com/hematology/diseases/فقر-الدم-اللاتنسجي-الوراثي
فرفرية قليلة الصفيحات المجهولة السبب,Idiopathic thrombocytopenic purpura,https://www.webteb.com/hematology/diseases/فرفرية-قليلة-الصفيحات-المجهولة-السبب
فرط كالسيوم الدم,Hypercalcemia,https://www.webteb.com/kidney-urology/diseases/فرط-كالسيوم-الدم
فوبيا,Phobias,https://www.webteb.com/mental-health/diseases/فوبيا
فقدان السمع في الاذن الباطنة,Sensorineural hearing loss,https://www.webteb.com/general-health/diseases/فقدان-السمع-في-الاذن-الباطنة
فقر الدم اثناء الحمل,Anemia in pregnancy,https://www.webteb.com/pregnancy-childbirth/diseases/فقر-الدم-اثناء-الحمل
فرط الحرارة,Hyperthermia,https://www.webteb.com/general-health/diseases/فرط-الحرارة
فتق الرئة,Lung hernia,https://www.webteb.com/surgery/diseases/فتق-الرئة
فرط التحسس,Hypersensitivity,https://www.webteb.com/general-health/diseases/فرط-التحسس
فتق السرة عند الاطفال,Hernia in children,https://www.webteb.com/surgery/diseases/فتق-السرة
فتق حجابي خلقي,congenital diaphragmatic hernia,https://www.webteb.com/surgery/diseases/فتق-حجابي-خلقي
فطار برعمي,Blastomycosis,https://www.webteb.com/general-health/diseases/فطار-برعمي
فيروس التهاب الكبد الوبائي G,Hepatitis G virus,https://www.webteb.com/general-health/diseases/فيروس-التهاب-الكبدg
فيروس هربس 7,HSV 7,https://www.webteb.com/dermatology/diseases/فيروس-هربس-7
فيروس هربس 8,Herpesvirus 8,https://www.webteb.com/dermatology/diseases/فيروس-هربس-8
فيروس الهربس B,Herpesvirus B,https://www.webteb.com/dermatology/diseases/فيروس-الهربسb
فيروس الهربس البسيط,Herpes simplex virus,https://www.webteb.com/dermatology/diseases/فيروس-الهربس-البسيط
فقدان الوزن غير المبرر,Unexplained weight loss,https://www.webteb.com/diet/diseases/فقدان-الوزن
فرط بوتاسيوم الدم,Hyperkalemia,https://www.webteb.com/general-health/diseases/فرط-بوتاسيوم-الدم
فيروسات التهاب الكبد,Viral hepatitis,https://www.webteb.com/gastrointestinal-tract/diseases/فيروسات-التهاب-الكبد
فرط ضغط الدم البابي,Portal hypertension,https://www.webteb.com/heart/diseases/فرط-ضغط-الدم-البابي
قصور الانتباه وفرط الحركة,attention deficit hyperactivity disorder,https://www.webteb.com/child-health/diseases/اضطراب-نقص-الانتباه-مع-فرط-النشاط
قصر النظر,Myopia,https://www.webteb.com/eye-health/diseases/قصر-النظر
قدم الرياضي,Athletes foot,https://www.webteb.com/orthopedics-and-rheumatology/diseases/قدم-الرياضي
قمل العانة,Pediculosis bubis,https://www.webteb.com/dermatology/diseases/قمل-العانة
قصور البنكرياس,Pancreatic Insufficiency,https://www.webteb.com/diabetes/diseases/قصور-البنكرياس
قصور الغدة الكظرية,Adrenal insufficiency,https://www.webteb.com/orthopedics-and-rheumatology/diseases/قصور-الغدة-الكظرية
قرحة الضغط,Pressure Sore,https://www.webteb.com/dermatology/diseases/قرحة-الضغط
قصور الدريقات,Hypoparathyroidism,https://www.webteb.com/general-health/diseases/قصور-الدريقات
قصور الغدة الدرقية,Hypothyroidism,https://www.webteb.com/thyroid/diseases/قصور-الغدة-الدرقية
قلة العدلات,Neutropenia,https://www.webteb.com/hematology/diseases/قلة-العدلات
قصور الغدد التناسلية,Hypogonadism,https://www.webteb.com/sex-education/diseases/قصور-الغدد-التناسلية
قلة الحيوانات المنوية,Oligospermia,https://www.webteb.com/man-health/diseases/قلة-الحيوانات-المنوية
قشرة الراس,Dandruff,https://www.webteb.com/dermatology/diseases/قشرة-الراس
قلس الابهري,Aortic regurgitation,https://www.webteb.com/heart/diseases/قلس-الابهري
قصور الصمام الرئوي,Pulmonary regurgitation,https://www.webteb.com/heart/diseases/قصور-الصمام-الرئوي
قيء الدم لدى حديثي الولادة,Hematemesis in newborn,https://www.webteb.com/child-health/diseases/قيء-الدم-لدى-حديثي-الولادة
قصور البنكرياس لدى الاطفال,Pancreatic insufficiency children,https://www.webteb.com/child-health/diseases/قصور-البنكرياس-لدى-الاطفال
قصور الغدة الدرقية عند الاطفال,Hypothyroidism in Children,https://www.webteb.com/child-health/diseases/قصور-الغدة-الدرقية-عند-الاطفال
قلق الانفصال,Separation anxiety,https://www.webteb.com/mental-health/diseases/قلق-الانفصال
قيء مفرط حملي,Hyperemesis gravidarum,https://www.webteb.com/pregnancy-childbirth/diseases/قيء-مفرط-حملي
قصور عنق الرحم,Incompetence of uterine cervix,https://www.webteb.com/pregnancy-childbirth/diseases/قصور-عنق-الرحم
قيلة مثانية,Cystocele,https://www.webteb.com/kidney-urology/diseases/قيلة-مثانية
قرحة المعدة,Gastric ulcer,https://www.webteb.com/stomach/diseases/قرحة-المعدة
قرحة الاثنا عشرية,Duodenal ulcer,https://www.webteb.com/gastrointestinal-tract/diseases/القرحة-الاثنا-عشرية
كثرة الحمر الحقيقية,Polycythemia Vera,https://www.webteb.com/hematology/diseases/كثرة-الحمر-الحقيقية
كسل العين,Amblyopia,https://www.webteb.com/eye-health/diseases/كسل-العين
كربة تاجية حادة,Acute coronary event,https://www.webteb.com/heart/diseases/كربة-تاجية-حادة
كثرة المنسجات,Histiocytosis,https://www.webteb.com/hematology/diseases/كثرة-المنسجات
كثرة الكريات الحمر الكروية الخلقي,Congenital spherocytosis,https://www.webteb.com/hematology/diseases/كثرة-الكريات-الحمر-الكروية-الخلقي
كثرة الحمر الكاذبة,Spurious polycythemia,https://www.webteb.com/hematology/diseases/كثرة-الحمر-الكاذبة
كثرة الحمر الثانوية,Secondary polycythemia,https://www.webteb.com/hematology/diseases/كثرة-الحمر-الثانوية
كثرة الصفيحات التفاعلية (الثانوية),Reactive (secondary) thrombocytosis,https://www.webteb.com/hematology/diseases/كثرة-الصفيحات-التفاعلية-الثانوية
كثرة الصفيحات الاولية,Essential thrombocytosis,https://www.webteb.com/hematology/diseases/كثرة-الصفيحات-الاولية
كسر,Fracture,https://www.webteb.com/orthopedics-and-rheumatology/diseases/كسر
كسر الإجهاد,Stress fracture,https://www.webteb.com/orthopedics-and-rheumatology/diseases/كسر-الاجهاد
كواشيوركور,Kwashiorkor,https://www.webteb.com/diet/diseases/كواشيوركور
كثرة اليوزينيات,Eosinophilia,https://www.webteb.com/hematology/diseases/كثرة-اليوزينيات-الحمضات
كيسة قصبية المنشا,Bronchogenic cyst,https://www.webteb.com/respiratory/diseases/كيسة-قصبية-المنشا
كثرة الخلايا البدينة,Mastocytosis,https://www.webteb.com/hematology/diseases/كثرة-الخلايا-البدينة
كسر الجمجمة,Skull fracture,https://www.webteb.com/neurology/diseases/كسر-الجمجمة
كسر قاعدة الجمجمة,Skull base fracture,https://www.webteb.com/surgery/diseases/كسر-قاعدة-الجمجمة
ليمفومة بيركيت,Burkitt lymphoma,https://www.webteb.com/hematology/diseases/ليمفومة-بيركيت
لدغة الثعبان,Snake bite,https://www.webteb.com/general-health/diseases/لدغة-الثعبان
مرض السرطان,Cancer,https://www.webteb.com/cancer/diseases/السرطان
مرض الاكتئاب,Depression,https://www.webteb.com/mental-health/diseases/الاكتئاب
مرض الإيدز,Aids,https://www.webteb.com/immune-system/diseases/الايدز
مرض السكري,Diabetes,https://www.webteb.com/diabetes/diseases/مرض-السكري
مرض الهربس التناسلي,Genital Herpes,https://www.webteb.com/dermatology/diseases/الهربس-التناسلي
مرض الزهايمر,Alzheimer's Disease,https://www.webteb.com/neurology/diseases/الزهايمر
مرض التصلب اللويحي,Multiple Sclerosis,https://www.webteb.com/neurology/diseases/التصلب-اللويحي
مرض سرطان الدم,Leukemia,https://www.webteb.com/cancer/diseases/سرطان-الدم
مرض التهاب المفاصل,Arthritis,https://www.webteb.com/orthopedics-and-rheumatology/diseases/التهاب-المفاصل
مرض سرطان القولون,Colon Cancer,https://www.webteb.com/cancer/diseases/سرطان-القولون
مرض سرطان الجلد,Skin Cancer,https://www.webteb.com/cancer/diseases/سرطان-الجلد
مرض سرطان الرئة,Lung Cancer,https://www.webteb.com/cancer/diseases/سرطان-الرئة
مرض التهاب المفاصل الروماتويدي,Rheumatoid Arthritis,https://www.webteb.com/joints/diseases/التهاب-المفاصل-الروماتويدي
مرض القرص المنفتق,Herniated Disk,https://www.webteb.com/orthopedics-and-rheumatology/diseases/القرص-المنفتق
مرض باركنسون,Parkinson's Disease,https://www.webteb.com/neurology/diseases/مرض-باركنسون
مرض حرقة المعدة,Heartburn,https://www.webteb.com/gastrointestinal-tract/diseases/حرقة-المعدة
مرض كرون,Crohn's Disease,https://www.webteb.com/gastrointestinal-tract/diseases/مرض-كرون
مرض التوحد,Autism,https://www.webteb.com/child-health/diseases/مرض-التوحد
مرفق لاعب التنس,Tennis Elbow,https://www.webteb.com/orthopedics-and-rheumatology/diseases/مرفق-التناس-مرفق-لاعب-التنس
مرض الساد,Cataract,https://www.webteb.com/eye-health/diseases/الساد
مرض الحصبة,Measles,https://www.webteb.com/child-health/diseases/الحصبة
مرض التهاب القصبات الحاد,Acute Bronchitis,https://www.webteb.com/respiratory/diseases/التهاب-القصبات-الحاد
متلازمة داون,Down Syndrome,https://www.webteb.com/child-health/diseases/متلازمة-داون
متلازمة المبيض المتعدد الكيسات,Polycystic Ovary Syndrome,https://www.webteb.com/woman-health/diseases/متلازمة-المبيض-المتعدد-الكيسات
مرض الزهري,Syphilis,https://www.webteb.com/dermatology/diseases/الزهري
متلازمة التعب المزمن,Chronic Fatigue Syndrome (CFS),https://www.webteb.com/mental-health/diseases/متلازمة-التعب-المزمن
متلازمة توريت,Tourettes Disorder,https://www.webteb.com/mental-health/diseases/متلازمة-توريت
مرض الجدري,Smallpox,https://www.webteb.com/child-health/diseases/الجدري
مرض الانتباذ البطاني الرحمي,Endometriosis,https://www.webteb.com/woman-health/diseases/الانتباذ-البطاني-الرحمي
مرض تليف الكبد,Cirrhosis,https://www.webteb.com/gastrointestinal-tract/diseases/تليف-الكبد
مرض السل,Tuberculosis,https://www.webteb.com/immune-system/diseases/السل
متلازمة رايتر,Spondyloarthropathies,https://www.webteb.com/orthopedics-and-rheumatology/diseases/متلازمة-رايتر
مرض عمى الالوان,Color Blindness,https://www.webteb.com/eye-health/diseases/عمى-الالوان
مرض فرط التعرق,Hyperhidrosis,https://www.webteb.com/child-health/diseases/فرط-التعرق
مرض القوباء,Impetigo,https://www.webteb.com/dermatology/diseases/القوباء
مرض بورغر,Buerger Disease,https://www.webteb.com/general-health/diseases/مرض-بورغر
متلازمة خلل التنسج النقوي,Myelodysplastic Syndrome,https://www.webteb.com/cancer/diseases/متلازمة-خلل-التنسج-النقوي
مرض المبيضات الفرجي المهبلي,Vulvovaginal Candidiasis,https://www.webteb.com/woman-health/diseases/مرض-المبيضات-الفرجي-المهبلي
متلازمة التوتر والدورة الشهرية,Premenstrual Syndrome,https://www.webteb.com/woman-health/diseases/التوتر-والدورة-الشهرية
مرض اديسون,Addison's Disease,https://www.webteb.com/general-health/diseases/مرض-اديسون
مرض ويلسون,Wilson's disease,https://www.webteb.com/general-health/diseases/مرض-ويلسون
مرض فقاع,Pemphigus,https://www.webteb.com/dermatology/diseases/فقاع
مرض التنكس البقعي-Age,related Macular Degeneration,https://www.webteb.com/eye-health/diseases/التنكس-البقعي
مرض اضطراب الكرب التالي للرضح,Post traumatic stress disorder,https://www.webteb.com/mental-health/diseases/اضطراب-الكرب-التالي-للرضح
متلازمة وولف باركنسون وايت-Wolff - Parkinson,White syndrome,https://www.webteb.com/heart/diseases/متلازمة-وولف-باركنسون-وايت
مرض كاواساكي,Kawasaki's Disease,https://www.webteb.com/general-health/diseases/مرض-كاواساكي
متلازمة كون,Conn's Syndrome,https://www.webteb.com/general-health/diseases/متلازمة-كون
مرض باجيت,Paget disease of bone,https://www.webteb.com/general-health/diseases/داء-باجيت
مرض تصلب الشرايين,Arteriosclerosis,https://www.webteb.com/heart/diseases/تصلب-الشرايين
مرض اليد والقدم والفم,Hand Foot and Mouth Disease,https://www.webteb.com/general-health/diseases/مرض-اليد-والقدم-والفم
مرض الحزاز المسطح,Lichen planus,https://www.webteb.com/dermatology/diseases/الحزاز-المسطح
مرض التهابي حوضي-Pelvic inflammatory disease,PID,https://www.webteb.com/woman-health/diseases/مرض-التهابي-حوضي
متلازمة دريسلر,Dressler disease,https://www.webteb.com/heart/diseases/متلازمة-دريسلر
مرض هودجكن,Hodgkins lymphoma,https://www.webteb.com/hematology/diseases/لموفمة-هودجكين
مرض الشرى,Urticaria,https://www.webteb.com/dermatology/diseases/مرض-الشرى
متلازمة ستيفن جونسون,Stevens Johnson syndrome,https://www.webteb.com/dermatology/diseases/متلازمة-ستيفن-جونسون
مرض والدنسستروم,Waldenstrom disease,https://www.webteb.com/hematology/diseases/مرض-والدنسستروم
مرض التكاثر النقوي,Myeloproliferative diseases,https://www.webteb.com/hematology/diseases/مرض-التكاثر-النقوي
مرض انحلال الدم الوليدي,Hemolytic disease of the newborn,https://www.webteb.com/hematology/diseases/مرض-انحلال-الدم-الوليدي
متلازمة النفق الرسغي,Carpal tunnel syndrome,https://www.webteb.com/orthopedics-and-rheumatology/diseases/متلازمة-النفق-الرسغي
متلازمة فرط اللزوجة,Hyperviscosity,https://www.webteb.com/hematology/diseases/فرط-اللزوجة
مرض الاوعية الدموية المحيطية,Peripheral Vascular Disease,https://www.webteb.com/orthopedics-and-rheumatology/diseases/مرض-الاوعية-الدموية-المحيطية
متلازمة الوريد الاجوف,Vena cava syndrome,https://www.webteb.com/general-health/diseases/متلازمة-الوريد-الاجوف-العلوي
متلازمة مخرج الصدر-Thoracic outlet syndrome,TOS,https://www.webteb.com/general-health/diseases/متلازمة-مخرج-الصدر
مرض الوهن العضلي,Myasthenia,https://www.webteb.com/neurology/diseases/وهن-عضلي
مرض كروتزفيلد جاكوب-Creutzfeldt,Jakob disease,https://www.webteb.com/neurology/diseases/مرض-كروتزفيلد-جاكوب
متلازمة جيلن باري-Guillain,Barre Syndrome,https://www.webteb.com/neurology/diseases/متلازمه-جيلن-باري
متلازمة تململ الساقين,Restless Leg Syndrome,https://www.webteb.com/neurology/diseases/متلازمة-تململ-الساقين
موه الراس,Hydrocephalus,https://www.webteb.com/neurology/diseases/موه-الراس-الاستسقاء-الدماغي
مقاومة الانسولين,Insulin resistance,https://www.webteb.com/diabetes/diseases/مقاومة-الانسولين
متلازمة تولوزا هنت,Tolosa Hunt syndrome,https://www.webteb.com/neurology/diseases/متلازمة-تولوزا-هنت
متلازمة الايض,Metabolic syndrome,https://www.webteb.com/diabetes/diseases/المتلازمة-الايضية
مرض الإسقربوط,Scurvy,https://www.webteb.com/child-health/diseases/مرض-الاسقربوط
متلازمة انحلال الدم اليوريمية,Hemolytic uremic syndrome,https://www.webteb.com/hematology/diseases/متلازمة-انحلال-الدم-اليوريمية
متلازمة الشريان المساريقي العلوي,(SMA) Superior Mesenteric Artery syndrome,https://www.webteb.com/surgery/diseases/متلازمة-الشريان-المساريقي-العلوي
متلازمة بارتر,Bartter syndrome,https://www.webteb.com/general-health/diseases/متلازمة-بارتر
موه الكلية الخلقي,Congenital hydronephrosis,https://www.webteb.com/kidney-urology/diseases/موه-الكلية-الخلقي
مرض الكلية متعددة الكيسات,Polycystic kidney disease,https://www.webteb.com/kidney-urology/diseases/مرض-الكلية-متعددة-الكيسات
متلازمة الرنح وتوسع الشعيرات-Ataxia,telangiectasia,https://www.webteb.com/neurology/diseases/متلازمة-الرنح-وتوسع-الشعيرات
مرض هنينغتون,Huntington's disease,https://www.webteb.com/neurology/diseases/مرض-هنينغتون
متلازمة مارفان,Marfan syndrome,https://www.webteb.com/child-health/diseases/متلازمة-مارفان
مرض فابري,Fabry Anderson disease,https://www.webteb.com/child-health/diseases/مرض-فابري
متلازمة بارديت - بيدل-Bardet,Biedl syndrome,https://www.webteb.com/child-health/diseases/متلازمة-بارديت-بيدل
متلازمة كروموسوم إكس الهش,Fragile X syndrome,https://www.webteb.com/child-health/diseases/متلازمة-كروموزوم-اكس-الهش
متلازمة تيرنر,Turner syndrome,https://www.webteb.com/child-health/diseases/متلازمة-تيرنير
متلازمة نونان,Noonan syndrome,https://www.webteb.com/child-health/diseases/متلازمة-نونان
متلازمة برادر- ويلي-Prader,Willi syndrome,https://www.webteb.com/child-health/diseases/متلازمة-برادر-ويلي
متلازمة كلاينفلتر,Klinefelter syndrome,https://www.webteb.com/child-health/diseases/متلازمة-كلاينفلتر
متلازمة كالمان,Kallmann Syndrome,https://www.webteb.com/child-health/diseases/متلازمة-كالمان
متلازمة الظفر الاصفر,Yellow nail syndrome,https://www.webteb.com/respiratory/diseases/متلازمة-الظفر-الاصفر
مرض الانسداد الرئوي المزمن-Chronic,Obstructive Pulmonary Disease,https://www.webteb.com/respiratory/diseases/مرض-الانسداد-الرئوي-المزمن
مستضد الكريات البيضاء البشرية,Histocompatibility Leucocyte Antigen,https://www.webteb.com/general-health/diseases/مستضد-نسيجي
متلازمة غود باستشار,Goodpasture's Syndrome,https://www.webteb.com/respiratory/diseases/متلازمة-غود-باستشار-نزوف-صدرية-وبولية-مناعية-المنشا
متلازمة الصدمة السامة,Toxic shock syndrome,https://www.webteb.com/general-health/diseases/متلازمة-الصدمة-السامة
متلازمة هيلب,Hellp syndrome,https://www.webteb.com/pregnancy-childbirth/diseases/متلازمة-هيلب
متلازمة فرط تحفيز المبيض,Ovarian hyperstimulation syndrome,https://www.webteb.com/woman-health/diseases/متلازمة-فرط-تحفيز-المبيض
متلازمة الالم الإقليمية المعقدة,Complex regional pain syndrome,https://www.webteb.com/neurology/diseases/متلازمة-الالم-الاقليمية-المعقدة
متلازمة لامبرت إيتون-Lambert,Eaton syndrome,https://www.webteb.com/orthopedics-and-rheumatology/diseases/متلازمة-لامبرت-ايتون-الوهن-العضلي
مرض لايم,Lyme disease,https://www.webteb.com/general-health/diseases/مرض-لايم
متلازمة شيرغ - ستروس-Churg,Strauss disease,https://www.webteb.com/general-health/diseases/متلازمة-شيرغ-ستروس
مرض النسيج الضام المختلط,Mixed connective tissue disease,https://www.webteb.com/general-health/diseases/مرض-النسيج-الضام-المختلط
متلازمة شوغرن,Sjogren's syndrome,https://www.webteb.com/general-health/diseases/متلازمة-شوغرن
متلازمة الفص المتوسط,Middle lobe syndrome,https://www.webteb.com/respiratory/diseases/متلازمة-الفص-المتوسط
متلازمة رينود,Raynaud's phenomenon,https://www.webteb.com/orthopedics-and-rheumatology/diseases/متلازمة-رايوناود
متلازمة إهلر دانلوس-Ehlers,Danlos syndrome,https://www.webteb.com/general-health/diseases/متلازمة-اهلر-دانلوس
مرض بهجت,Behcet's syndrome,https://www.webteb.com/orthopedics-and-rheumatology/diseases/مرض-بهجت
متلازمة دي جورج,DiGeorge syndrome,https://www.webteb.com/general-health/diseases/متلازمة-دي-جورج
مرضيات خلقية في العنق / عيوب العنق الخلقية,Congenital neck pathologies,https://www.webteb.com/child-health/diseases/مرضيات-خلقية-في-العنق-عيوب-العنق-الخلقية
متلازمة اضداد الشحوم الفسفورية,Antiphospholipid syndrome,https://www.webteb.com/general-health/diseases/متلازمة-اضداد-الشحوم-الفوسفورية
متلازمة تيتز,Tietze syndrome,https://www.webteb.com/orthopedics-and-rheumatology/diseases/متلازمة-تيتز
مرض جنون البقر,Bovine Spongiform Encephalopathy,https://www.webteb.com/neurology/diseases/مرض-جنون-البقر-الاعتلال-الدماغي-البقري-الاسفنجي-الشكل
متلازمة الفشل متعدد الاجهزة-Multi Organ Syndrome,MODS,https://www.webteb.com/general-health/diseases/متلازمة-الفشل-متعدد-الاجهزة
متلازمة الفشل التنفسي الحاد-ARDS,Acute respiratory distress syndrome,https://www.webteb.com/respiratory/diseases/متلازمة-الفشل-التنفسي-الحاد
متلازمة الإصابة البردية-Cold,injury syndrome,https://www.webteb.com/general-health/diseases/متلازمة-الاصابة-البردية
متلازمة كورساكوف,Korsakoff’s syndrome,https://www.webteb.com/neurology/diseases/متلازمة-كورساكوف
متلازمة انقطاع النفس النومي,Sleep apnea syndrome,https://www.webteb.com/respiratory/diseases/متلازمة-انقطاع-النفس-النومي
مستوى مرتفع من ناقلات الامين,Transaminitis,https://www.webteb.com/general-health/diseases/مستوى-مرتفع-من-ناقلات-الامين
مرض الكبد الدهني غير الكحولي-Non,Alcoholic Fatty Liver Disease,https://www.webteb.com/gastrointestinal-tract/diseases/مرض-كبد-دهني-لا-كحولي
متلازمة مالوري فايس-Mallory,Weiss syndrome,https://www.webteb.com/gastrointestinal-tract/diseases/متلازمة-تمزق-الغشاء-المخاطي
متلازمة الامعاء القصيرة,Short bowel syndrome,https://www.webteb.com/gastrointestinal-tract/diseases/متلازمة-الامعاء-القصيرة
مرض فيروس الإيبولا-Ebola virus disease,EVD,https://www.webteb.com/general-health/diseases/مرض-فيروس-الايبولا
نقص الإنزيم G6PD,G6PD Deficiency,https://www.webteb.com/general-health/diseases/نقص-الانزيمg6pd
نقص هرمون النمو,Growth Factor Deficiency,https://www.webteb.com/child-health/diseases/عوز-هورمون-النمو
نزف تحت العنكبوتية,Subarachnoid Hemorrhage,https://www.webteb.com/neurology/diseases/نزف-تحت-العنكبوتية
نقص سكر الدم,Hypoglycemia,https://www.webteb.com/diabetes/diseases/نقص-سكر-الدم
نقص سكر الدم الحاد,Hypoglycemia,https://www.webteb.com/diabetes/diseases/نقص-سكر-الدم-الحاد
نقص كالسيوم الدم,Hypocalcemia,https://www.webteb.com/general-health/diseases/نقص-كالسيوم-الدم
نبض مثلوم الصاعدة,Anacrotic pulse,https://www.webteb.com/heart/diseases/نبض-مثلوم-الصاعدة
نقص نازعة هدروجين 6 - فوسفات الغلوكوز,G6PD deficiency,https://www.webteb.com/general-health/diseases/نقص-نازعة-هدروجين-6-فوسفات-الغلوكوز
نقص فيتامين B12,Vitamin B12 deficiency,https://www.webteb.com/hematology/diseases/نقص-فيتامين-b12
نوبة إقفارية عابرة,Transient Ischemic Attack,https://www.webteb.com/heart/diseases/نوبة-اقفارية-عابرة
نزيف,Hemorrhage,https://www.webteb.com/general-health/diseases/نزيف
نزيف النخاع العظمي,Spinal Cord Bleeding,https://www.webteb.com/orthopedics-and-rheumatology/diseases/نزيف-النخاع-العظمي
نوبة توترية رمعية,Tonic clonic seizure,https://www.webteb.com/neurology/diseases/نوبة-توترية-رمعية
نوبات الصرع,Seizures,https://www.webteb.com/neurology/diseases/نوبات
نقص توتر العضلات لدى الرضع,Hypotonia,https://www.webteb.com/neurology/diseases/نقص-توتر-العضلات-لدى-الرضع
نقص الفا 1 - انتي تريبسين-Alpha,1 antitrypsin deficiency,https://www.webteb.com/respiratory/diseases/نقص-الفا-1-انتي-تريبسين
نقص سكر الدم لدى الرضع,Hypoglycemia in a Newborn Baby,https://www.webteb.com/child-health/diseases/نقص-سكر-الدم-لدى-الرضع
نقص الكالسيوم عند الاطفال,Hypocalcemia in childhood,https://www.webteb.com/child-health/diseases/نقص-كالسيوم-الدم-لدى-الاطفال
نقص حجم الدم,Hypovolemia,https://www.webteb.com/general-health/diseases/نقص-حجم-الدم
نقص إنزيم الادينوسين دي امينيز,Adenosine deaminase deficiency,https://www.webteb.com/respiratory/diseases/نقص-انزيم-ال-ادينوسين-دي-امينيز
نقص فيتامين (د),Vitamin D Deficiency,https://www.webteb.com/general-health/diseases/نقص-فيتامين-د
نزيف بعد سن الياس,Postmenopausal bleeding,https://www.webteb.com/woman-health/diseases/النزيف-ما-بعد-الاياس-الياس
نزيف ما بعد ممارسة الجنس,Postcoital bleeding,https://www.webteb.com/woman-health/diseases/نزيف-ما-بعد-ممارسة-الجنس
نزيف ما بعد الولادة,Postpartum hemorrhage,https://www.webteb.com/pregnancy-childbirth/diseases/نزيف-ما-بعد-الولادة
ناسور مهبلي,Rectovaginal fistula,https://www.webteb.com/woman-health/diseases/ناسور-مهبلي
نواسير الامعاء,Gastrointestinal fistulae,https://www.webteb.com/gastrointestinal-tract/diseases/نواسير-الامعاء
نقص التاكسج,Hypoxia,https://www.webteb.com/respiratory/diseases/نقص-التاكسج
نقص البومين الدم,Hypoalbuminemia,https://www.webteb.com/diet/diseases/نقص-البومين-الدم
نقص صوديوم الدم,Hyponatremia,https://www.webteb.com/general-health/diseases/نقص-صوديوم-الدم
هشاشة العظام,Osteoporosis,https://www.webteb.com/woman-health/diseases/هشاشة-العظام
هبوط الرحم,Uterine prolapsed,https://www.webteb.com/woman-health/diseases/هبوط-الرحم
هوس نتف الشعر,Trichotillomania,https://www.webteb.com/respiratory/diseases/بازهر-شعري
ورم المتوسطة الخبيث,Malignant Mesothelioma,https://www.webteb.com/cancer/diseases/ورم-المتوسطة-الخبيث
وسائل منع الحمل,Contraception,https://www.webteb.com/woman-health/diseases/وسائل-منع-الحمل
ورم لمفي,Lymphoma,https://www.webteb.com/hematology/diseases/ورم-لمفي-لمفومة
وذمة وعائية عصبية وراثية,"Hereditary Angioedema, Quincke's disease",https://www.webteb.com/general-health/diseases/وذمه-وعائية-عصبية-وراثية-داء-كوينكه
ورم إنسوليني,Insulinoma,https://www.webteb.com/diabetes/diseases/ورم-انسوليني
ورم النسيج اللين,Soft tissue tumor,https://www.webteb.com/cancer/diseases/ورم-النسيج-اللين
وذمة حليمة العصب البصري,Swollen disc Papilledema,https://www.webteb.com/eye-health/diseases/وذمة-حليمة-العصب-البصري
ورم وعائي,Hemangioma,https://www.webteb.com/hematology/diseases/ورم-وعائي
ورم نقوي متعدد,Multiple Myeloma,https://www.webteb.com/hematology/diseases/الميالوما-المتعددة-ورم-نقوي-متعدد
ورم كاذب مخي,Pseudotumor cerebri,https://www.webteb.com/neurology/diseases/ورم-كاذب-مخي
ورام ليفي عصبي,Neurofibromatosis,https://www.webteb.com/neurology/diseases/ورام-ليفي-عصبي
وذمة الرئة,Pulmonary edema,https://www.webteb.com/respiratory/diseases/وذمة-الرئة
ورم عضلي في الاوعية اللمفاوية والدموية,Lymphangioleiomyomatosis,https://www.webteb.com/hematology/diseases/ورام-عضلي-في-الاوعية-اللمفاوية-والدموية
ورم ارومي عصبي,Neuroblastoma,https://www.webteb.com/neurology/diseases/ورم-ارومي-عصبي
ورام حبيبي ويغنري,Wegener's granulomatosis,https://www.webteb.com/general-health/diseases/ورام-حبيبي-ويغنري
ورم بانكوست,Pancost tumor,https://www.webteb.com/cancer/diseases/ورم-بانكوست
ورم غمد الليف العصبي السمعي,Acoustic neurinoma,https://www.webteb.com/neurology/diseases/ورم-غمد-الليف-العصبي-السمعي
ورم لقمي مسطح,Condyloma lata,https://www.webteb.com/sex-education/diseases/ورم-لقمي-مسطح
وجود الكاروتين في الدم,Carotenemia,https://www.webteb.com/general-health/diseases/وجود-الكاروتين-في-الدم
وحمة عنكبوتية,Spider nevus,https://www.webteb.com/dermatology/diseases/وحمة-عنكبوتية
يرقان الوليد,Jaundice,https://www.webteb.com/child-health/diseases/يرقان-الوليد
يرقان الرضع-Breast,feeding jaundice,https://www.webteb.com/child-health/diseases/يرقان-الرضع
